Date;Close
04/6/2026;104621.89
03/6/2026;105239.49
02/6/2026;106257.27
01/6/2026;104171.82
29/5/2026;106822.79
28/5/2026;107235.45
27/5/2026;107510.04
26/5/2026;107962.01
25/5/2026;108174.91
22/5/2026;105378.37
21/5/2026;106285.37
20/5/2026;106948.72
19/5/2026;105895.23
18/5/2026;107145.35
15/5/2026;106842.12
14/5/2026;109680.89
13/5/2026;109781.51
12/5/2026;109063.5
11/5/2026;110744.08
08/5/2026;110096.09
07/5/2026;111324.32
06/5/2026;111221.78
05/5/2026;107026.82
04/5/2026;106695.39
30/4/2026;107229.42
29/4/2026;105999.5
28/4/2026;106581.68
24/4/2026;108814.75
23/4/2026;108579.26
22/4/2026;110203.2
21/4/2026;110590.66
20/4/2026;112243.3
17/4/2026;113485.58
16/4/2026;110842.73
15/4/2026;111527.1
14/4/2026;111944.58
13/4/2026;110689.67
10/4/2026;111211.42
09/4/2026;110452.96
08/4/2026;111664.95
07/4/2026;107203.32
02/4/2026;108331.47
01/4/2026;108807.36
31/3/2026;106291.91
30/3/2026;104653.03
27/3/2026;103938.53
26/3/2026;104957.03
25/3/2026;106441.78
24/3/2026;102883.05
23/3/2026;102615.56
20/3/2026;102115.92
19/3/2026;102746.15
18/3/2026;105887.18
17/3/2026;109579.44
16/3/2026;108891.15
13/3/2026;107285.27
12/3/2026;109287.25
11/3/2026;109599.71
10/3/2026;111829.61
09/3/2026;108993.29
06/3/2026;108597.24
05/3/2026;111980.12
04/3/2026;113029.68
03/3/2026;111842.41
02/3/2026;118789.66
27/2/2026;120296.28
26/2/2026;118446.33
25/2/2026;118702.69
24/2/2026;116987
23/2/2026;116833.44
20/2/2026;114829.51
19/2/2026;113645.42
18/2/2026;114336.87
17/2/2026;111292.81
16/2/2026;112878.21
13/2/2026;112558.1
12/2/2026;114217.4
11/2/2026;113817.66
10/2/2026;112968.75
09/2/2026;112301.48
06/2/2026;112034.29
05/2/2026;110515.9
04/2/2026;112787.34
03/2/2026;112442.17
02/2/2026;110928.39
30/1/2026;112228.99
29/1/2026;117539.22
28/1/2026;117341.78
27/1/2026;115619.7
26/1/2026;116709.21
23/1/2026;114357.72
22/1/2026;113497.21
21/1/2026;112885.03
20/1/2026;112690.82
19/1/2026;112280.01
16/1/2026;112264.85
15/1/2026;113088.5
14/1/2026;113121.36
13/1/2026;113135.92
12/1/2026;112315.32
09/1/2026;110081.1
08/1/2026;109039.61
07/1/2026;110023.48
06/1/2026;110889.53
05/1/2026;108781.31
02/1/2026;108231.56
31/12/2025;107977.9
30/12/2025;108732.63
29/12/2025;108266.35
24/12/2025;109502.8
23/12/2025;108996.03
22/12/2025;108382.45
19/12/2025;107215.12
18/12/2025;106838.22
17/12/2025;106466.5
15/12/2025;105285.04
12/12/2025;105735.32
11/12/2025;104629.66
10/12/2025;103462.95
09/12/2025;103102.69
08/12/2025;103154.31
05/12/2025;104797.39
04/12/2025;103172.78
03/12/2025;103578.31
02/12/2025;103207.25
01/12/2025;104387.69
28/11/2025;103256.79
27/11/2025;102882.83
26/11/2025;104252.58
25/11/2025;102807.89
24/11/2025;102549.11
21/11/2025;102167.56
20/11/2025;104347.98
19/11/2025;104615.49
18/11/2025;102999.18
17/11/2025;104793.84
14/11/2025;104557.94
13/11/2025;106584.54
12/11/2025;105472.95
11/11/2025;103846.23
10/11/2025;103466.34
07/11/2025;101451.33
06/11/2025;102681.23
05/11/2025;101399.61
04/11/2025;100021.21
03/11/2025;101749.18
31/10/2025;101936.84
30/10/2025;102366.74
29/10/2025;103062.8
28/10/2025;102437.85
27/10/2025;101364.97
24/10/2025;103114.2
23/10/2025;103341.87
22/10/2025;101487.91
21/10/2025;101623.97
20/10/2025;104022.91
17/10/2025;103429.03
16/10/2025;105756.02
15/10/2025;104261.68
14/10/2025;103463.31
13/10/2025;103635.01
10/10/2025;102649.81
09/10/2025;103073.54
08/10/2025;103889.97
07/10/2025;102337.44
06/10/2025;102817.2
03/10/2025;102696.68
02/10/2025;101107.07
01/10/2025;101696.84
30/9/2025;100951.43
29/9/2025;100292.31
26/9/2025;99706.32
25/9/2025;98701.07
23/9/2025;99474.88
22/9/2025;98704.6
19/9/2025;98714.31
18/9/2025;98038.47
17/9/2025;97966.33
16/9/2025;97499.96
15/9/2025;97295.82
12/9/2025;97036.58
11/9/2025;96529.34
10/9/2025;96243.57
09/9/2025;95844.91
08/9/2025;95384.96
05/9/2025;94165.63
04/9/2025;92976.22
03/9/2025;94190.88
02/9/2025;93697.2
01/9/2025;94271.36
29/8/2025;94184.64
28/8/2025;94234.59
27/8/2025;94362.42
26/8/2025;94747.08
25/8/2025;95329.31
22/8/2025;95066.86
21/8/2025;94120.4
20/8/2025;93491.95
19/8/2025;93625.36
18/8/2025;93676.22
15/8/2025;94498.38
14/8/2025;94566.19
13/8/2025;94846.9
12/8/2025;93808.58
11/8/2025;93282.67
08/8/2025;93492.91
07/8/2025;93305.77
06/8/2025;92725.09
05/8/2025;92195.5
04/8/2025;91801.9
01/8/2025;90140.55
31/7/2025;90781.37
30/7/2025;91597.63
29/7/2025;91520.74
28/7/2025;91097.46
25/7/2025;91303.4
24/7/2025;92258.28
23/7/2025;92457
22/7/2025;91590.29
21/7/2025;91999.68
18/7/2025;90973.71
17/7/2025;89613
16/7/2025;89296.26
15/7/2025;89303.82
14/7/2025;89047.54
11/7/2025;89403.07
10/7/2025;89540.63
09/7/2025;89536.19
08/7/2025;89537.61
07/7/2025;89623.71
04/7/2025;89400.79
03/7/2025;89165.21
02/7/2025;88958.75
01/7/2025;89195.71
30/6/2025;88757.81
27/6/2025;88214.9
26/6/2025;88396.99
25/6/2025;87772.79
24/6/2025;88357.19
23/6/2025;87683.76
20/6/2025;87134.08
19/6/2025;87373.47
18/6/2025;87470.16
17/6/2025;87147.28
13/6/2025;87856.89
12/6/2025;89326.22
11/6/2025;88594.82
10/6/2025;88974.29
09/6/2025;88686.25
06/6/2025;88597.09
05/6/2025;88796.12
04/6/2025;87990.25
03/6/2025;87181.74
02/6/2025;87497.78
30/5/2025;86553.42
29/5/2025;87054.57
28/5/2025;86246.13
27/5/2025;86131.92
26/5/2025;86121.53
23/5/2025;85934.52
22/5/2025;85595.72
21/5/2025;85877.93
20/5/2025;85281.33
19/5/2025;85000.31
16/5/2025;85102.52
15/5/2025;84795.92
14/5/2025;84915.47
13/5/2025;85156.82
12/5/2025;84689.81
09/5/2025;84383.47
08/5/2025;83463.76
07/5/2025;83992.56
06/5/2025;84542.98
05/5/2025;84543.85
02/5/2025;84737.19
30/4/2025;84225.99
29/4/2025;83976.98
25/4/2025;83413.69
24/4/2025;83257.44
23/4/2025;82614.16
22/4/2025;82722.25
17/4/2025;82262.12
16/4/2025;82533.87
15/4/2025;82324.56
14/4/2025;81549.69
11/4/2025;79448.02
10/4/2025;79091.69
09/4/2025;75690.62
08/4/2025;77245.68
07/4/2025;75481.92
04/4/2025;74876.28
03/4/2025;79111.09
02/4/2025;81814.91
01/4/2025;82572.8
31/3/2025;81410.32
28/3/2025;82196.82
27/3/2025;82538.43
26/3/2025;82541.04
25/3/2025;82312.2
24/3/2025;81617.41
20/3/2025;82093.69
19/3/2025;82826.15
18/3/2025;81637.21
17/3/2025;81213.19
14/3/2025;80678.04
13/3/2025;79860.11
12/3/2025;79557.92
11/3/2025;79733.76
10/3/2025;79922.73
07/3/2025;81180.42
06/3/2025;80950.99
05/3/2025;80406.51
04/3/2025;79453.53
03/3/2025;80196.23
28/2/2025;78549.06
27/2/2025;79881.91
26/2/2025;80854.97
25/2/2025;80282.5
24/2/2025;79920.35
21/2/2025;81391.76
20/2/2025;81367.39
19/2/2025;80772.77
18/2/2025;81413.51
17/2/2025;80697.57
14/2/2025;80972.26
13/2/2025;80067.17
12/2/2025;80141.71
11/2/2025;79765.17
10/2/2025;79921.64
07/2/2025;79635.52
06/2/2025;79266.74
05/2/2025;78558.2
04/2/2025;78342.44
03/2/2025;77473.38
31/1/2025;77802
30/1/2025;77475.85
29/1/2025;77184.3
28/1/2025;76344.53
27/1/2025;76109.89
24/1/2025;75976.83
23/1/2025;75640.24
22/1/2025;76273.17
21/1/2025;76465.93
20/1/2025;76326.7
17/1/2025;76232.04
16/1/2025;75255.72
15/1/2025;75073.63
14/1/2025;73714.83
13/1/2025;73566.51
10/1/2025;74869.92
09/1/2025;75124.67
08/1/2025;74526.81
07/1/2025;75404.49
06/1/2025;76176.56
03/1/2025;76120.24
02/1/2025;75798.55
31/12/2024;75381.31
30/12/2024;75427.05
27/12/2024;76197.46
24/12/2024;76320.99
23/12/2024;76067.93
20/12/2024;75888.86
19/12/2024;75920.25
18/12/2024;77018.68
17/12/2024;77192.96
13/12/2024;78481.18
12/12/2024;78341.48
11/12/2024;78478.82
10/12/2024;78703.6
09/12/2024;79049.13
06/12/2024;78365.23
05/12/2024;78286.26
04/12/2024;77711.66
03/12/2024;77281.22
02/12/2024;77278.08
29/11/2024;76052.41
28/11/2024;76338.98
27/11/2024;76710.04
26/11/2024;77006.98
25/11/2024;76530.52
22/11/2024;77151.13
21/11/2024;77113.16
20/11/2024;76940.98
19/11/2024;76300.89
18/11/2024;76224.61
15/11/2024;75773.36
14/11/2024;75786.33
13/11/2024;75762.67
12/11/2024;76130.88
11/11/2024;76638.89
08/11/2024;76969.9
07/11/2024;77880.84
06/11/2024;77232.33
05/11/2024;78497.6
04/11/2024;78052.33
01/11/2024;78091.69
31/10/2024;77327.58
30/10/2024;78646.69
29/10/2024;79132.88
28/10/2024;79400.61
25/10/2024;78929.38
24/10/2024;78880.66
23/10/2024;78525.99
22/10/2024;78755.46
21/10/2024;79046.53
18/10/2024;79154.63
17/10/2024;78567.58
16/10/2024;78303.67
15/10/2024;77823.01
14/10/2024;78230.44
11/10/2024;78006.74
10/10/2024;77368.3
09/10/2024;77334.1
08/10/2024;77473
07/10/2024;78303.35
04/10/2024;78282.37
03/10/2024;78478.86
02/10/2024;79130.18
01/10/2024;78580.4
30/9/2024;78506.28
27/9/2024;79510.6
26/9/2024;79226.17
25/9/2024;77893.77
23/9/2024;76753.46
20/9/2024;75830.21
19/9/2024;75810.2
18/9/2024;74844.95
17/9/2024;75175.59
16/9/2024;74282.9
13/9/2024;74367.5
12/9/2024;74089.56
11/9/2024;73223.3
10/9/2024;74012.68
09/9/2024;73924.07
06/9/2024;73874.19
05/9/2024;74721.8
04/9/2024;74533.58
03/9/2024;74806.97
02/9/2024;76041.39
30/8/2024;76290.35
29/8/2024;76784.41
28/8/2024;76526.15
27/8/2024;77095.92
26/8/2024;76716.86
23/8/2024;76971.36
22/8/2024;76411.79
21/8/2024;76894.08
20/8/2024;76637.97
19/8/2024;76665.23
16/8/2024;75706.13
15/8/2024;75170.13
14/8/2024;74395.23
13/8/2024;74033.09
12/8/2024;73645
08/8/2024;73728.3
07/8/2024;73357.3
06/8/2024;72502.26
05/8/2024;72595.1
02/8/2024;73449.42
01/8/2024;74712.02
31/7/2024;75661.56
30/7/2024;74092.71
29/7/2024;73872.66
26/7/2024;74042.43
25/7/2024;73687.25
24/7/2024;73596.11
23/7/2024;73652.16
22/7/2024;73476.05
19/7/2024;72930.75
18/7/2024;73351.72
17/7/2024;73463.9
16/7/2024;74057.76
15/7/2024;75185.83
12/7/2024;74702.99
11/7/2024;74121.69
10/7/2024;73478
09/7/2024;73580.41
08/7/2024;73717.47
05/7/2024;73729.27
04/7/2024;73991.94
03/7/2024;73681.78
02/7/2024;72556.5
01/7/2024;72805.61
28/6/2024;72979.42
27/6/2024;72287.12
26/6/2024;72563.55
25/6/2024;72903.06
24/6/2024;73512.36
21/6/2024;72857.56
20/6/2024;73266.86
19/6/2024;73796.46
18/6/2024;72863.74
14/6/2024;70519.55
13/6/2024;69999.55
12/6/2024;70706.56
11/6/2024;69786.85
10/6/2024;69919.66
07/6/2024;70531.54
06/6/2024;70937.85
05/6/2024;70582.69
04/6/2024;70562.21
03/6/2024;71424.87
31/5/2024;70455.35
30/5/2024;70942.43
28/5/2024;72189.63
27/5/2024;72559.4
24/5/2024;72746.06
23/5/2024;72573.5
22/5/2024;73060.63
21/5/2024;73438.76
20/5/2024;73733.8
17/5/2024;73213.76
16/5/2024;73214
15/5/2024;73142.16
14/5/2024;72372.32
13/5/2024;72408.19
10/5/2024;72180.82
09/5/2024;71339.62
08/5/2024;70939.42
07/5/2024;70789.82
06/5/2024;70651.84
03/5/2024;70299.7
02/5/2024;69944.03
30/4/2024;69924.83
29/4/2024;70391.06
26/4/2024;69357.67
25/4/2024;68437.29
24/4/2024;68573.48
23/4/2024;68050.58
22/4/2024;67496.66
19/4/2024;67313.61
18/4/2024;67189.65
17/4/2024;66899.25
16/4/2024;66901.55
15/4/2024;68348.49
12/4/2024;69208.94
11/4/2024;69079.32
10/4/2024;69276.72
09/4/2024;69282.03
08/4/2024;69185.86
05/4/2024;68694.72
04/4/2024;69211.04
03/4/2024;67979.45
02/4/2024;68275.31
28/3/2024;68346.21
27/3/2024;67678.68
26/3/2024;67409.47
25/3/2024;67032.22
22/3/2024;67023.29
20/3/2024;66131.94
19/3/2024;65607.83
18/3/2024;66251.81
15/3/2024;66745.72
14/3/2024;67011.26
13/3/2024;67954.7
12/3/2024;67181.43
11/3/2024;67124.67
08/3/2024;67297.57
07/3/2024;67143.77
06/3/2024;67122.71
05/3/2024;65777.07
04/3/2024;66177.64
01/3/2024;66337.43
29/2/2024;66349.81
28/2/2024;65816.62
27/2/2024;66776.71
26/2/2024;67218.27
23/2/2024;67768.63
22/2/2024;67636.51
21/2/2024;66557.7
20/2/2024;66513.5
19/2/2024;67099.9
16/2/2024;67152.57
15/2/2024;66708.03
14/2/2024;66420.9
13/2/2024;66490.08
12/2/2024;67202.86
09/2/2024;66853.53
08/2/2024;67199.91
07/2/2024;67775.46
06/2/2024;68059.89
05/2/2024;67476.47
02/2/2024;67838.8
01/2/2024;67934.27
31/1/2024;68034.46
30/1/2024;68099.8
29/1/2024;67910.18
26/1/2024;68621.01
25/1/2024;67586.95
24/1/2024;67952.43
23/1/2024;67019.59
22/1/2024;66028.54
19/1/2024;66346.3
18/1/2024;66009.28
17/1/2024;65353.15
16/1/2024;66608.24
15/1/2024;67253.56
12/1/2024;67844.51
11/1/2024;67381.69
10/1/2024;67141.68
09/1/2024;67347.68
08/1/2024;67756.98
05/1/2024;68156.39
04/1/2024;68195.81
03/1/2024;68096.74
02/1/2024;69337.93
29/12/2023;70494.8
28/12/2023;70076.25
27/12/2023;70273.03
22/12/2023;67966.89
21/12/2023;69195.95
20/12/2023;68718.28
19/12/2023;68708.56
18/12/2023;68201.23
14/12/2023;69154.73
13/12/2023;66563.75
12/12/2023;66496.06
11/12/2023;67796.69
08/12/2023;67667.22
07/12/2023;68720.96
06/12/2023;69287.64
05/12/2023;69134.61
04/12/2023;69908.27
01/12/2023;69800.58
30/11/2023;69647.14
29/11/2023;69303.49
28/11/2023;69574.16
27/11/2023;69366.89
24/11/2023;69662.79
23/11/2023;69340.5
22/11/2023;68689.75
21/11/2023;68204.11
20/11/2023;68245.09
17/11/2023;67925.67
16/11/2023;67759.75
15/11/2023;68691.16
14/11/2023;67317.52
13/11/2023;65653.66
10/11/2023;65434.45
09/11/2023;66351.8
08/11/2023;66557.34
07/11/2023;65630.37
06/11/2023;67353.06
03/11/2023;66916.23
02/11/2023;65437.25
01/11/2023;63887.58
31/10/2023;63873.91
30/10/2023;64243.68
27/10/2023;63785.89
26/10/2023;64267.78
25/10/2023;64556.37
24/10/2023;64849.33
23/10/2023;64340.67
20/10/2023;64598.64
19/10/2023;65319.78
18/10/2023;66310.9
17/10/2023;67120.18
16/10/2023;67369.78
13/10/2023;67153.07
12/10/2023;67600.06
11/10/2023;68080.49
10/10/2023;68119.04
09/10/2023;65967.35
06/10/2023;65926.41
05/10/2023;65546.19
04/10/2023;64882.3
03/10/2023;65050.39
02/10/2023;65417.44
29/9/2023;66500.11
28/9/2023;66679.05
27/9/2023;66371.27
26/9/2023;66857.83
22/9/2023;67680.65
21/9/2023;67430.92
20/9/2023;68995.31
19/9/2023;68041.26
18/9/2023;68299.44
15/9/2023;69029.17
14/9/2023;68806.22
13/9/2023;67777.55
12/9/2023;68540.41
11/9/2023;68518.46
08/9/2023;68020.84
07/9/2023;67583.93
06/9/2023;68754.21
05/9/2023;69322.26
04/9/2023;69662.43
01/9/2023;69069.25
31/8/2023;69278.44
30/8/2023;69516.14
29/8/2023;69093.97
28/8/2023;69370.36
25/8/2023;68162.29
24/8/2023;68637.1
23/8/2023;68404.39
22/8/2023;67797.63
21/8/2023;68284.71
18/8/2023;67620.79
17/8/2023;68878.76
16/8/2023;69342.57
15/8/2023;70045.37
14/8/2023;70633.37
11/8/2023;71434.25
10/8/2023;72215.94
08/8/2023;71341.31
07/8/2023;71586.14
04/8/2023;71603.86
03/8/2023;71431.29
02/8/2023;71164.44
01/8/2023;73286.24
31/7/2023;73634.07
28/7/2023;73120.28
27/7/2023;72871.47
26/7/2023;72250.89
25/7/2023;72212.09
24/7/2023;71524.42
21/7/2023;71578.77
20/7/2023;71806.48
19/7/2023;71859.33
18/7/2023;71858.37
17/7/2023;71989.17
14/7/2023;72480.19
13/7/2023;71995.97
12/7/2023;71206.63
11/7/2023;69532.28
10/7/2023;69098.37
07/7/2023;69509.98
06/7/2023;68813.08
05/7/2023;70587.4
04/7/2023;70887.84
03/7/2023;70932.92
30/6/2023;70705.47
29/6/2023;69607.81
28/6/2023;69603.16
27/6/2023;69357.19
26/6/2023;68980.52
23/6/2023;69130.75
22/6/2023;69749.48
21/6/2023;70240.25
20/6/2023;71338.62
19/6/2023;72530.49
15/6/2023;73035.28
14/6/2023;72628.89
13/6/2023;72485.8
12/6/2023;70968.68
09/6/2023;71602.07
08/6/2023;71696.22
07/6/2023;71833.07
06/6/2023;71631.94
05/6/2023;71421.55
02/6/2023;71993.27
01/6/2023;70656.08
31/5/2023;69997.84
30/5/2023;70921.14
29/5/2023;71444.16
26/5/2023;71404.27
25/5/2023;70971.24
24/5/2023;70331.94
23/5/2023;71478.89
22/5/2023;72763.46
19/5/2023;72985.41
18/5/2023;72513.94
17/5/2023;73189.17
16/5/2023;72652.62
15/5/2023;72918.29
12/5/2023;72961.36
11/5/2023;71633.93
10/5/2023;72352.66
09/5/2023;72233.4
08/5/2023;72963.3
05/5/2023;72510.48
04/5/2023;71700.66
03/5/2023;72572.85
02/5/2023;71883.89
28/4/2023;72582.82
26/4/2023;72533.14
25/4/2023;72322.99
24/4/2023;72510.21
21/4/2023;72344.55
20/4/2023;73284.15
19/4/2023;73243.33
18/4/2023;73676.51
17/4/2023;73035.7
14/4/2023;73133.74
13/4/2023;72704.95
12/4/2023;71964.65
11/4/2023;72252.61
06/4/2023;71378.91
05/4/2023;70925.8
04/4/2023;71693.22
03/4/2023;70958.74
31/3/2023;70497.7
30/3/2023;71089.32
29/3/2023;70864.87
28/3/2023;70444.91
27/3/2023;69785.1
24/3/2023;69180.7
23/3/2023;70066.09
22/3/2023;69756.56
20/3/2023;68799.28
17/3/2023;67001.16
16/3/2023;67445.99
15/3/2023;67306.53
14/3/2023;69363.58
13/3/2023;69731.53
10/3/2023;70692.59
09/3/2023;71844.69
08/3/2023;71868.39
07/3/2023;72675.31
06/3/2023;72769.42
03/3/2023;72318.71
02/3/2023;71584.49
01/3/2023;72603.99
28/2/2023;71693.89
27/2/2023;71518.04
24/2/2023;70884.68
23/2/2023;72948.4
22/2/2023;72154.82
21/2/2023;72785.85
20/2/2023;73786.51
17/2/2023;73231.61
16/2/2023;74196.28
15/2/2023;73462.98
14/2/2023;73824.35
13/2/2023;73757.01
10/2/2023;73017.05
09/2/2023;74037.05
08/2/2023;73968.07
07/2/2023;73434.08
06/2/2023;73489.37
03/2/2023;74082.09
02/2/2023;73629.3
01/2/2023;73723.26
31/1/2023;73431.04
30/1/2023;74343.78
27/1/2023;74766.05
26/1/2023;74479.77
25/1/2023;73712.45
24/1/2023;73952.28
23/1/2023;74023.77
20/1/2023;73192.92
19/1/2023;73329.04
18/1/2023;73757.69
17/1/2023;73281.62
16/1/2023;73046.65
13/1/2023;73193.28
12/1/2023;72486.23
11/1/2023;72383.97
10/1/2023;71833.49
09/1/2023;72223.3
06/1/2023;70810.32
05/1/2023;69395.65
04/1/2023;68530.46
03/1/2023;68360.71
30/12/2022;66955.47
29/12/2022;67497.42
28/12/2022;68157.48
23/12/2022;67323.76
22/12/2022;67100.07
21/12/2022;67672.38
20/12/2022;66921.51
19/12/2022;67261.97
15/12/2022;66897.11
14/12/2022;68179.52
13/12/2022;69675.69
12/12/2022;68277.93
09/12/2022;68350.46
08/12/2022;68281.75
07/12/2022;67863.45
06/12/2022;68419.79
05/12/2022;68543.44
02/12/2022;68237.46
01/12/2022;68867.7
30/11/2022;68564.29
29/11/2022;66815.87
28/11/2022;66993.69
25/11/2022;66753.48
24/11/2022;66764.87
23/11/2022;66521.48
22/11/2022;65853.53
21/11/2022;65590.86
18/11/2022;66227.03
17/11/2022;65831.78
16/11/2022;66222.28
15/11/2022;66524.92
14/11/2022;66289.27
11/11/2022;66453.08
10/11/2022;64087.41
09/11/2022;63027.83
08/11/2022;62408.05
07/11/2022;62812.67
04/11/2022;62769.28
03/11/2022;59504.05
02/11/2022;60512.8
01/11/2022;60799.41
31/10/2022;60030.53
28/10/2022;59687.06
27/10/2022;60469.9
26/10/2022;60566.29
25/10/2022;59268
24/10/2022;58461.97
21/10/2022;59091.06
20/10/2022;59347.28
19/10/2022;59209.55
18/10/2022;59829.23
17/10/2022;59638.26
14/10/2022;57844.49
13/10/2022;57960.88
12/10/2022;58177.44
11/10/2022;58208.74
10/10/2022;58385.4
07/10/2022;59279.98
06/10/2022;59416.01
05/10/2022;59202.29
04/10/2022;59839.46
03/10/2022;57849.66
30/9/2022;57389.7
29/9/2022;56920.94
28/9/2022;57413.11
27/9/2022;57621.38
26/9/2022;57289.97
23/9/2022;57109.52
22/9/2022;58852.41
21/9/2022;59817.68
20/9/2022;60119.49
19/9/2022;59967.3
16/9/2022;60013.72
15/9/2022;60991.46
14/9/2022;61385.53
13/9/2022;61706.56
12/9/2022;63111.95
09/9/2022;62126.76
08/9/2022;60637.95
07/9/2022;60174.38
06/9/2022;60943.44
05/9/2022;60843.9
02/9/2022;60854.02
01/9/2022;59516.37
31/8/2022;60735.7
30/8/2022;61321.55
29/8/2022;62546.78
26/8/2022;63507.94
25/8/2022;63685.65
24/8/2022;63079.74
23/8/2022;63032.89
22/8/2022;62482.18
19/8/2022;62974.06
18/8/2022;64183.99
17/8/2022;64167.49
16/8/2022;64726.06
15/8/2022;64021.6
12/8/2022;63996.11
11/8/2022;64616.68
10/8/2022;63161.18
08/8/2022;63770.91
05/8/2022;63114.01
04/8/2022;62327.03
03/8/2022;62199.1
02/8/2022;61588.2
01/8/2022;62155.49
29/7/2022;62473.81
28/7/2022;62169.99
27/7/2022;61985.48
26/7/2022;62017.11
25/7/2022;61432.89
22/7/2022;61766.74
21/7/2022;61646.59
20/7/2022;61379.04
19/7/2022;61499.12
18/7/2022;60760.87
15/7/2022;58905.46
14/7/2022;58639.21
13/7/2022;60031.68
12/7/2022;60964.89
11/7/2022;61008.16
08/7/2022;62107.37
07/7/2022;61771.44
06/7/2022;59702.98
05/7/2022;58952.59
04/7/2022;60901.62
01/7/2022;59640.36
30/6/2022;60109.04
29/6/2022;61553.81
28/6/2022;61789.23
27/6/2022;61524.81
24/6/2022;59992.87
23/6/2022;59018.91
22/6/2022;59414.81
21/6/2022;60374.38
20/6/2022;60073.83
17/6/2022;59082.87
15/6/2022;61163.02
14/6/2022;59436.5
13/6/2022;60074.62
10/6/2022;61348.19
09/6/2022;62427.08
08/6/2022;63449.35
07/6/2022;63734.22
06/6/2022;64535.61
03/6/2022;64318.95
02/6/2022;64427.33
01/6/2022;64237.1
31/5/2022;65431.16
30/5/2022;65335.09
27/5/2022;63882.81
26/5/2022;63019
25/5/2022;61176.02
24/5/2022;61176.93
23/5/2022;61787.53
20/5/2022;60999.46
19/5/2022;61725.52
18/5/2022;62494.43
17/5/2022;63026.74
16/5/2022;62495.81
13/5/2022;61991.97
12/5/2022;60641.2
11/5/2022;61786.27
10/5/2022;60359.4
09/5/2022;60161.02
06/5/2022;61290.1
05/5/2022;62902.26
04/5/2022;63573.87
03/5/2022;64401.3
29/4/2022;65475.55
28/4/2022;64551.99
26/4/2022;63336.92
25/4/2022;62895.89
22/4/2022;65385.48
21/4/2022;66417.55
20/4/2022;66765.06
19/4/2022;66867.43
14/4/2022;66481.94
13/4/2022;66200.31
12/4/2022;66780.07
11/4/2022;67405.96
08/4/2022;67747.07
07/4/2022;67003.12
06/4/2022;67308.61
05/4/2022;68343.65
04/4/2022;68940.52
01/4/2022;68934.93
31/3/2022;68507.85
30/3/2022;68529.72
29/3/2022;67911.15
28/3/2022;67436.21
25/3/2022;67578.28
24/3/2022;67690.25
23/3/2022;68235.42
22/3/2022;69145.89
18/3/2022;68275.27
17/3/2022;67570.25
16/3/2022;66971.88
15/3/2022;64292.26
14/3/2022;65500.56
11/3/2022;67331.1
10/3/2022;67572.11
09/3/2022;66484.69
08/3/2022;66302.29
07/3/2022;67143.64
04/3/2022;68357.85
03/3/2022;70882.48
02/3/2022;71057.56
01/3/2022;70584.1
28/2/2022;69624.29
25/2/2022;67719.42
24/2/2022;67235.99
23/2/2022;68369.73
22/2/2022;69058.61
21/2/2022;68876.9
18/2/2022;69650.1
17/2/2022;69406.88
16/2/2022;69735.63
15/2/2022;69169.36
14/2/2022;69130.81
11/2/2022;69681.32
10/2/2022;69944.22
09/2/2022;70105.79
08/2/2022;69526.76
07/2/2022;69197.64
04/2/2022;68678.91
03/2/2022;68461.21
02/2/2022;68655.58
01/2/2022;68374.94
31/1/2022;67820.89
28/1/2022;67021.38
27/1/2022;67070.04
26/1/2022;67363.61
25/1/2022;65869.53
24/1/2022;65653.18
21/1/2022;68186.16
20/1/2022;69586.74
19/1/2022;69512.97
18/1/2022;68281.9
17/1/2022;68889.24
14/1/2022;68448.15
13/1/2022;69187.73
12/1/2022;69206.77
11/1/2022;67302.2
10/1/2022;67114.14
07/1/2022;67251.03
06/1/2022;67420.2
05/1/2022;68367.16
04/1/2022;68398.98
03/1/2022;67025.54
31/12/2021;67052.4
30/12/2021;67129.53
29/12/2021;66613.94
28/12/2021;65864.13
24/12/2021;65023.34
23/12/2021;65125.68
22/12/2021;64803.84
21/12/2021;64611.7
20/12/2021;63652.47
17/12/2021;64680.34
15/12/2021;65102.29
14/12/2021;65212.46
13/12/2021;65177.02
10/12/2021;65390.32
09/12/2021;65779.5
08/12/2021;65992.71
07/12/2021;66513.46
06/12/2021;64598.46
03/12/2021;64306.68
02/12/2021;64555.25
01/12/2021;64785.66
30/11/2021;64063.82
29/11/2021;63600.61
26/11/2021;62410.83
25/11/2021;64062.74
24/11/2021;64169.17
23/11/2021;64566.39
22/11/2021;64384.46
19/11/2021;63870.65
18/11/2021;64288.72
17/11/2021;64337.17
16/11/2021;64281.45
15/11/2021;63480.76
12/11/2021;63263.4
11/11/2021;62381.97
10/11/2021;61537.83
09/11/2021;61246.7
08/11/2021;61317.75
05/11/2021;61115.79
04/11/2021;61409.93
03/11/2021;61876.97
02/11/2021;61158.14
29/10/2021;60807.87
28/10/2021;61093.41
27/10/2021;60874.44
26/10/2021;61024.55
25/10/2021;60445.78
22/10/2021;60524.55
21/10/2021;59535.08
20/10/2021;60347.45
19/10/2021;60190.06
18/10/2021;60220.45
15/10/2021;60494.02
14/10/2021;60391.05
13/10/2021;59516.75
12/10/2021;59501.73
11/10/2021;59662.98
08/10/2021;58839.09
07/10/2021;58721.8
06/10/2021;57523.81
05/10/2021;58097.72
04/10/2021;57754.97
01/10/2021;57265.62
30/9/2021;57863.4
29/9/2021;58022.33
28/9/2021;57462.19
27/9/2021;57784.27
23/9/2021;57642.54
22/9/2021;56938.31
21/9/2021;56085.63
20/9/2021;55246.07
17/9/2021;56605.25
16/9/2021;57098.19
15/9/2021;58229.94
14/9/2021;58115.08
13/9/2021;58494.78
10/9/2021;58175.75
09/9/2021;58020.55
08/9/2021;59378.55
07/9/2021;60340.77
06/9/2021;60035.8
03/9/2021;60106.72
02/9/2021;60357.49
01/9/2021;60612.64
31/8/2021;61039.26
30/8/2021;60750.09
27/8/2021;61393.15
26/8/2021;60854.92
25/8/2021;61212.12
24/8/2021;61180.29
23/8/2021;60562.05
20/8/2021;59800.02
19/8/2021;59854.78
18/8/2021;61608.96
17/8/2021;62657.34
16/8/2021;62607.03
13/8/2021;63269.04
12/8/2021;63276.98
11/8/2021;63488.73
10/8/2021;63541.21
06/8/2021;62509.23
05/8/2021;62199.85
04/8/2021;62750.03
03/8/2021;62543.44
02/8/2021;62704
30/7/2021;62852.28
29/7/2021;63394.89
28/7/2021;62368.63
27/7/2021;61208.33
26/7/2021;61946.37
23/7/2021;61932.98
22/7/2021;61309.13
21/7/2021;60502.39
20/7/2021;59668.22
19/7/2021;58795.32
16/7/2021;60437.58
15/7/2021;61439.11
14/7/2021;61753.54
13/7/2021;60943.22
12/7/2021;61080.8
09/7/2021;60221.84
08/7/2021;59106.4
07/7/2021;60705.57
06/7/2021;59756.87
05/7/2021;60082.2
02/7/2021;60292.64
01/7/2021;60476.77
30/6/2021;60161.76
29/6/2021;60495.83
28/6/2021;59820.66
25/6/2021;60140.15
24/6/2021;60188.42
23/6/2021;59764.05
22/6/2021;59493.46
21/6/2021;59472.25
18/6/2021;59503.87
17/6/2021;60399.88
15/6/2021;61061.79
14/6/2021;61653.75
11/6/2021;61444.66
10/6/2021;61291.03
09/6/2021;61433.18
08/6/2021;61452.39
07/6/2021;61387.75
04/6/2021;61616.8
03/6/2021;61573.32
02/6/2021;62786.67
01/6/2021;62698.9
31/5/2021;61782.86
28/5/2021;61345.49
27/5/2021;60802.01
26/5/2021;60093.24
25/5/2021;60106.11
24/5/2021;60056.92
21/5/2021;60210
20/5/2021;60068.05
19/5/2021;59776.91
18/5/2021;61189.94
17/5/2021;61193.22
14/5/2021;60573.37
13/5/2021;60211.08
12/5/2021;61529.14
11/5/2021;61320.37
10/5/2021;62389.39
07/5/2021;62573.36
06/5/2021;61705.88
05/5/2021;61536.47
04/5/2021;60376.47
03/5/2021;60769.69
30/4/2021;61096.37
29/4/2021;61508.38
28/4/2021;61838.56
26/4/2021;61716.82
23/4/2021;61478.76
22/4/2021;61182.94
21/4/2021;61399.26
20/4/2021;61116.77
19/4/2021;62325.85
16/4/2021;62898.13
15/4/2021;62080.02
14/4/2021;62084.39
13/4/2021;61382.99
12/4/2021;60672.56
09/4/2021;61458.47
08/4/2021;61303.19
07/4/2021;61409.52
06/4/2021;62372.24
01/4/2021;61590.24
31/3/2021;60881.15
30/3/2021;61589.91
29/3/2021;61443.9
26/3/2021;61244.27
25/3/2021;59278.89
24/3/2021;59768.81
23/3/2021;59793.26
19/3/2021;60313.4
18/3/2021;61050.33
17/3/2021;60810.17
16/3/2021;61623.63
15/3/2021;61921.05
12/3/2021;62587.78
11/3/2021;63187.54
10/3/2021;62886.16
09/3/2021;63098.33
08/3/2021;62910.6
05/3/2021;62788.64
04/3/2021;62250.03
03/3/2021;62861.62
02/3/2021;63104.7
01/3/2021;62107.04
26/2/2021;60754.3
25/2/2021;62063.35
24/2/2021;60747.41
23/2/2021;60493.97
22/2/2021;61903.64
19/2/2021;62105.24
18/2/2021;61206.58
17/2/2021;61738.47
16/2/2021;61775.45
15/2/2021;61674.76
12/2/2021;60673.94
11/2/2021;60420.45
10/2/2021;60637.7
09/2/2021;59663.77
08/2/2021;59647.94
05/2/2021;58877.36
04/2/2021;58493.74
03/2/2021;57828.55
02/2/2021;57585.13
01/2/2021;57670.4
29/1/2021;57312.45
28/1/2021;58084.46
27/1/2021;57644.44
26/1/2021;58720.55
25/1/2021;59408.05
22/1/2021;58886.26
21/1/2021;58969.37
20/1/2021;58857.76
19/1/2021;58358.85
18/1/2021;58548.17
15/1/2021;58446.35
14/1/2021;58735.95
13/1/2021;58337.66
12/1/2021;58492.92
11/1/2021;58717.77
08/1/2021;58423.34
07/1/2021;58006.23
06/1/2021;56877.6
05/1/2021;55976.32
04/1/2021;55438.07
31/12/2020;54379.58
30/12/2020;54615.33
29/12/2020;54196.13
28/12/2020;53956.26
24/12/2020;54125.23
23/12/2020;53958.73
22/12/2020;53648.03
21/12/2020;53784.25
18/12/2020;54692.4
17/12/2020;55484.28
15/12/2020;54466.51
14/12/2020;54520.69
11/12/2020;54458.61
10/12/2020;54334.2
09/12/2020;54349.61
08/12/2020;54262.51
07/12/2020;54646.92
04/12/2020;54500.04
03/12/2020;54171.85
02/12/2020;53482.74
01/12/2020;52764.09
30/11/2020;52375.5
27/11/2020;53021.58
26/11/2020;53084.13
25/11/2020;52940.79
24/11/2020;53049.43
23/11/2020;52478.55
20/11/2020;51915.4
19/11/2020;51977.91
18/11/2020;52518.35
17/11/2020;52288.79
16/11/2020;52551.86
13/11/2020;52517.57
12/11/2020;52335.71
11/11/2020;52784.39
10/11/2020;52922.51
09/11/2020;52684.37
06/11/2020;51876.24
05/11/2020;50762.83
04/11/2020;49300.89
03/11/2020;48853.14
02/11/2020;48392.97
30/10/2020;47472.92
29/10/2020;47576.46
28/10/2020;47930.58
27/10/2020;49560.81
26/10/2020;50286.9
23/10/2020;50692.28
22/10/2020;50276.84
21/10/2020;50905.12
20/10/2020;50851.62
19/10/2020;50741.94
16/10/2020;50697.69
15/10/2020;50503.89
14/10/2020;51041.59
13/10/2020;50722.36
12/10/2020;51158.56
09/10/2020;50781.18
08/10/2020;50131.37
07/10/2020;50412.19
06/10/2020;49869.36
05/10/2020;50183.12
02/10/2020;49896.68
01/10/2020;50159.14
30/9/2020;50042.44
29/9/2020;50319.94
28/9/2020;50578.66
25/9/2020;49547.74
23/9/2020;50127.05
22/9/2020;49126.16
21/9/2020;49153.11
18/9/2020;50399.16
17/9/2020;50700.14
16/9/2020;51629.73
15/9/2020;51795.7
14/9/2020;51976.82
11/9/2020;51715.12
10/9/2020;51532.12
09/9/2020;50838.92
08/9/2020;50182.96
07/9/2020;50185.43
04/9/2020;49720.42
03/9/2020;50319.16
02/9/2020;51678.3
01/9/2020;51704.1
31/8/2020;51225.46
28/8/2020;51750.45
27/8/2020;52583.7
26/8/2020;52256.85
25/8/2020;51767.88
24/8/2020;52256.84
21/8/2020;51669.18
20/8/2020;51380.02
19/8/2020;52137.86
18/8/2020;52738.12
17/8/2020;53140.21
14/8/2020;52737.48
13/8/2020;53082.08
12/8/2020;53126.54
11/8/2020;52831.61
07/8/2020;52435.65
06/8/2020;53350.88
05/8/2020;53279.3
04/8/2020;51951.34
03/8/2020;51571.71
31/7/2020;51368.82
30/7/2020;51451.44
29/7/2020;52245.75
28/7/2020;52043.05
27/7/2020;51914.08
24/7/2020;51259.48
23/7/2020;51683.61
22/7/2020;51412.02
21/7/2020;52016.52
20/7/2020;51852.22
17/7/2020;51515.88
16/7/2020;51363.49
15/7/2020;51606.7
14/7/2020;51235.09
13/7/2020;51874.81
10/7/2020;51154.08
09/7/2020;51536.91
08/7/2020;51558.75
07/7/2020;50922.32
06/7/2020;50503.91
03/7/2020;50179.89
02/7/2020;50309.77
01/7/2020;49570.88
30/6/2020;50174.95
29/6/2020;49920.09
26/6/2020;49477.85
25/6/2020;49732.92
24/6/2020;50193.8
23/6/2020;51193.19
22/6/2020;49877.86
19/6/2020;49812.34
18/6/2020;49589.11
17/6/2020;49661.14
15/6/2020;47919.52
12/6/2020;49247.69
11/6/2020;48892.12
10/6/2020;49204.82
09/6/2020;49915.74
08/6/2020;50117.63
05/6/2020;50199.8
04/6/2020;48837.53
03/6/2020;49300.1
02/6/2020;48318.29
01/6/2020;46950.12
29/5/2020;46544.79
28/5/2020;47440.06
27/5/2020;46600.64
26/5/2020;46795.97
25/5/2020;46351.26
22/5/2020;46432.04
21/5/2020;47232.26
20/5/2020;48379.91
19/5/2020;48160.65
18/5/2020;47673.54
15/5/2020;45948.36
14/5/2020;45445.1
13/5/2020;46416.44
12/5/2020;46518.03
11/5/2020;46359.51
08/5/2020;47061.57
07/5/2020;46096.03
06/5/2020;45952.52
05/5/2020;45210.39
04/5/2020;45254.03
30/4/2020;46348.26
29/4/2020;46831.62
28/4/2020;46100.71
24/4/2020;45595.47
23/4/2020;45661.96
22/4/2020;44248.82
21/4/2020;43737.55
20/4/2020;44796.92
17/4/2020;45044.37
16/4/2020;44180
15/4/2020;44202.9
14/4/2020;45580.91
09/4/2020;43837.45
08/4/2020;42772.2
07/4/2020;43590
06/4/2020;42534.54
03/4/2020;40873.41
02/4/2020;41245.26
01/4/2020;40027.41
31/3/2020;40738.57
30/3/2020;39756.74
27/3/2020;39172.39
26/3/2020;41110.45
25/3/2020;37550.72
24/3/2020;37550.72
23/3/2020;34695.9
20/3/2020;36302.3
19/3/2020;34239.3
18/3/2020;34715.64
17/3/2020;37375.33
16/3/2020;36301.81
13/3/2020;39476.09
12/3/2020;39536.18
11/3/2020;43891.49
10/3/2020;44252.34
09/3/2020;43687.17
06/3/2020;46759.72
05/3/2020;47618.75
04/3/2020;47560.68
03/3/2020;47671.24
02/3/2020;46648.2
28/2/2020;45851.76
27/2/2020;48032.83
26/2/2020;49500.52
25/2/2020;49303.27
24/2/2020;49282.53
21/2/2020;51582.43
20/2/2020;52033.26
19/2/2020;52126.58
18/2/2020;51922.16
17/2/2020;52357.57
14/2/2020;52049.98
13/2/2020;52055.56
12/2/2020;52000.03
11/2/2020;51201.08
10/2/2020;51007.05
07/2/2020;51396.07
06/2/2020;51612.07
05/2/2020;51484.33
04/2/2020;50892.53
03/2/2020;49903.25
31/1/2020;50072.61
30/1/2020;50552.71
29/1/2020;50343.61
28/1/2020;49800.27
27/1/2020;49949.24
24/1/2020;51212.26
23/1/2020;50847.58
22/1/2020;51808.62
21/1/2020;51835.36
20/1/2020;52638.53
17/1/2020;52735.75
16/1/2020;51965.24
15/1/2020;51835.06
14/1/2020;51725.89
13/1/2020;51343.39
10/1/2020;51245.43
09/1/2020;50916.06
08/1/2020;51090.54
07/1/2020;51154.44
06/1/2020;50999.61
03/1/2020;51536.5
02/1/2020;51438.04
31/12/2019;50816.05
30/12/2019;51398.39
27/12/2019;51147.45
24/12/2019;51023.93
23/12/2019;50876.11
20/12/2019;51151.12
19/12/2019;51268.61
18/12/2019;51462.5
17/12/2019;50994.19
13/12/2019;50499.02
12/12/2019;49603.06
11/12/2019;49537.29
10/12/2019;49225.73
09/12/2019;49019.88
06/12/2019;49065.21
05/12/2019;48589.71
04/12/2019;48809.33
03/12/2019;48299.66
02/12/2019;48609
29/11/2019;49093.16
28/11/2019;49470.55
27/11/2019;49910.57
26/11/2019;49818.42
25/11/2019;50474.91
22/11/2019;50484.88
21/11/2019;50235.68
20/11/2019;50971.63
19/11/2019;51060.34
18/11/2019;50191.03
15/11/2019;49784.83
14/11/2019;50012.48
13/11/2019;50115.49
12/11/2019;50210.49
11/11/2019;49976.02
08/11/2019;50406.94
07/11/2019;51223.34
06/11/2019;51410.32
05/11/2019;50984.38
04/11/2019;50673.73
01/11/2019;50428.14
31/10/2019;50168.48
30/10/2019;49629.32
29/10/2019;49477.44
28/10/2019;49516.5
25/10/2019;48858.47
24/10/2019;49124.43
23/10/2019;49244.55
22/10/2019;49610.14
21/10/2019;49834.61
18/10/2019;49510.9
17/10/2019;49715.3
16/10/2019;49855.06
15/10/2019;49391.2
14/10/2019;49110.74
11/10/2019;49404.06
10/10/2019;49032.54
09/10/2019;48310.69
08/10/2019;48465.32
07/10/2019;48635.63
04/10/2019;47975.44
03/10/2019;47743.89
02/10/2019;48005.41
01/10/2019;48938.16
30/9/2019;48813.59
27/9/2019;49167.52
26/9/2019;49243.65
25/9/2019;48865.06
23/9/2019;49559.37
20/9/2019;50341.64
19/9/2019;50077.78
18/9/2019;50134.23
17/9/2019;50873.91
16/9/2019;51801.53
13/9/2019;51145.56
12/9/2019;50768.84
11/9/2019;50359.15
10/9/2019;49484.56
09/9/2019;49602.2
06/9/2019;49673.77
05/9/2019;49576.77
04/9/2019;49031.01
03/9/2019;48872.85
02/9/2019;48889.37
30/8/2019;49320.23
29/8/2019;48561.36
28/8/2019;48429.35
27/8/2019;48147.85
26/8/2019;48042.94
23/8/2019;48247.95
22/8/2019;48435.04
21/8/2019;48837.01
20/8/2019;48545.63
19/8/2019;48646.95
16/8/2019;48158.38
15/8/2019;48116.97
14/8/2019;48277.82
13/8/2019;49448.44
12/8/2019;49512.94
08/8/2019;49619.58
07/8/2019;49253.74
06/8/2019;49113.36
05/8/2019;49066.14
02/8/2019;50332.33
01/8/2019;51331.52
31/7/2019;50798.7
30/7/2019;51206.88
29/7/2019;51977.41
26/7/2019;51522.69
25/7/2019;51563.21
24/7/2019;51626.64
23/7/2019;52209.63
22/7/2019;51890.58
19/7/2019;52107.18
18/7/2019;51733.36
17/7/2019;51565.16
16/7/2019;51958.04
15/7/2019;51447.25
12/7/2019;51189.53
11/7/2019;51188.17
10/7/2019;51491.95
09/7/2019;50908.51
08/7/2019;51649.36
05/7/2019;51539.3
04/7/2019;51746.94
03/7/2019;51960.56
02/7/2019;52093.35
01/7/2019;52464.75
28/6/2019;52198.94
27/6/2019;52056.36
26/6/2019;52407.3
25/6/2019;52279.51
24/6/2019;52760.96
21/6/2019;52902.88
20/6/2019;52960.8
19/6/2019;52534.39
18/6/2019;52593.97
14/6/2019;52166.68
13/6/2019;52592.43
12/6/2019;52619.43
11/6/2019;52656.33
10/6/2019;52357.04
07/6/2019;51976.89
06/6/2019;50988.44
05/6/2019;50975.72
04/6/2019;50452.38
03/6/2019;50213.46
31/5/2019;49587.47
30/5/2019;49666.85
29/5/2019;49003.06
28/5/2019;48464.67
27/5/2019;48497.1
24/5/2019;48427.67
23/5/2019;48290.13
22/5/2019;49193.9
21/5/2019;49486.29
20/5/2019;49551.15
17/5/2019;50081.18
16/5/2019;50360.28
15/5/2019;49877.1
14/5/2019;50078.01
13/5/2019;50181.4
10/5/2019;50533.59
09/5/2019;50264.2
07/5/2019;51707.15
06/5/2019;52335.69
03/5/2019;53028.35
02/5/2019;52495.4
30/4/2019;52274.03
29/4/2019;52385.68
26/4/2019;52572.04
25/4/2019;52470.36
24/4/2019;52785.57
23/4/2019;53184.19
18/4/2019;52872.78
17/4/2019;52561.43
16/4/2019;52590.28
15/4/2019;51960.68
12/4/2019;52141.52
11/4/2019;51942.03
10/4/2019;52161.05
09/4/2019;51564.09
08/4/2019;51705.98
05/4/2019;51517.73
04/4/2019;51449.27
03/4/2019;51640.7
02/4/2019;50952.08
01/4/2019;50879.64
29/3/2019;50273.93
28/3/2019;49903.31
27/3/2019;49897.32
26/3/2019;49372.21
25/3/2019;49161.53
22/3/2019;49792.42
20/3/2019;49827.56
19/3/2019;50475.11
18/3/2019;50388.59
15/3/2019;49684.03
14/3/2019;49485.03
13/3/2019;49584.85
12/3/2019;49468.43
11/3/2019;49387.31
08/3/2019;49233.13
07/3/2019;49665.55
06/3/2019;49875.04
05/3/2019;49585.66
04/3/2019;49895.02
01/3/2019;49841.27
28/2/2019;49667.1
27/2/2019;49955.05
26/2/2019;49965.89
25/2/2019;49638.42
22/2/2019;49735.69
21/2/2019;49205.36
20/2/2019;49405.41
19/2/2019;48956.53
18/2/2019;49019.56
15/2/2019;48446.14
14/2/2019;48349.82
13/2/2019;48388.5
12/2/2019;47807.06
11/2/2019;47225.04
08/2/2019;47001.79
07/2/2019;47672.55
06/2/2019;48318.53
05/2/2019;47999.09
04/2/2019;47183.39
01/2/2019;47697.78
31/1/2019;47955.98
30/1/2019;47972.18
29/1/2019;48201
28/1/2019;47600.25
25/1/2019;47892.41
24/1/2019;47473.35
23/1/2019;47742.02
22/1/2019;47952.19
21/1/2019;48037.82
18/1/2019;47585.02
17/1/2019;47298.4
16/1/2019;47665.2
15/1/2019;47382.46
14/1/2019;47335.59
11/1/2019;47491.38
10/1/2019;47164.36
09/1/2019;47140.85
08/1/2019;46116.17
07/1/2019;45876.36
04/1/2019;46156.11
03/1/2019;45622.51
02/1/2019;45310.14
31/12/2018;46726.59
28/12/2018;46493.79
27/12/2018;45655.45
24/12/2018;46203.87
21/12/2018;45554.4
20/12/2018;45352.86
19/12/2018;45537.58
18/12/2018;45227.16
14/12/2018;45528.87
13/12/2018;45639
12/12/2018;45603.19
11/12/2018;45234.33
10/12/2018;44417.7
07/12/2018;45005.31
06/12/2018;44778.75
05/12/2018;45674.91
04/12/2018;46164.85
03/12/2018;46052.36
30/11/2018;44656.89
29/11/2018;45703.17
28/11/2018;45799.08
27/11/2018;45224.64
26/11/2018;45545.18
23/11/2018;44535.5
22/11/2018;44996.3
21/11/2018;45132.17
20/11/2018;44843.58
19/11/2018;46188.84
16/11/2018;45851.18
15/11/2018;45929.03
14/11/2018;45805.4
13/11/2018;45833.21
12/11/2018;45928.24
09/11/2018;46897.28
08/11/2018;47638.53
07/11/2018;48295.92
06/11/2018;48124.03
05/11/2018;48537.25
02/11/2018;47943.67
01/11/2018;47256.71
31/10/2018;46141.22
30/10/2018;44534.57
29/10/2018;45109.77
26/10/2018;44651.45
25/10/2018;45416.62
24/10/2018;44669.76
23/10/2018;45007.5
22/10/2018;46034.49
19/10/2018;45895.36
18/10/2018;45935.95
17/10/2018;46163.87
16/10/2018;47007.19
15/10/2018;46295.03
12/10/2018;47272.6
11/10/2018;46050.35
10/10/2018;46625.6
09/10/2018;47970.68
08/10/2018;48041.88
05/10/2018;48258.14
04/10/2018;48908.52
03/10/2018;48992.63
02/10/2018;49263.49
01/10/2018;49587.39
28/9/2018;49520.66
27/9/2018;49800.78
26/9/2018;50361.86
25/9/2018;50659.46
21/9/2018;50987.15
20/9/2018;50397.19
19/9/2018;50272.01
18/9/2018;50219.77
17/9/2018;50196.92
14/9/2018;50440.98
13/9/2018;49991.17
12/9/2018;49814.74
11/9/2018;50042.09
10/9/2018;50544.69
07/9/2018;50832.75
06/9/2018;50893.14
05/9/2018;50832.73
04/9/2018;51691.03
03/9/2018;52435.45
31/8/2018;52464.01
30/8/2018;52650.2
29/8/2018;54030.6
28/8/2018;53883.33
27/8/2018;53554.61
24/8/2018;52741.71
23/8/2018;52131.76
22/8/2018;52061.61
21/8/2018;51125.84
20/8/2018;51101.53
17/8/2018;50601.89
16/8/2018;50506.38
15/8/2018;49615.06
14/8/2018;51551.75
13/8/2018;51821.39
10/8/2018;51577.23
08/8/2018;51615.86
07/8/2018;51578.06
06/8/2018;50784.44
03/8/2018;50988.46
02/8/2018;50340.48
01/8/2018;51276.97
31/7/2018;51315
30/7/2018;51227.68
27/7/2018;51126.9
26/7/2018;50703.73
25/7/2018;50321.55
24/7/2018;50989.64
23/7/2018;50481.32
20/7/2018;50904.2
19/7/2018;50199.7
18/7/2018;50168.74
17/7/2018;49995.66
16/7/2018;49338.95
13/7/2018;50244.08
12/7/2018;50672.38
11/7/2018;51044.56
10/7/2018;51795.51
09/7/2018;51992.92
06/7/2018;51122.67
05/7/2018;51193.98
04/7/2018;51374.29
03/7/2018;51286.82
02/7/2018;50979.87
29/6/2018;51516.06
28/6/2018;49776.92
27/6/2018;49329.6
26/6/2018;49138.59
25/6/2018;49707.7
22/6/2018;50623.1
21/6/2018;50023.54
20/6/2018;50396.44
19/6/2018;50020.4
18/6/2018;51004.93
15/6/2018;51327.7
14/6/2018;52178.24
13/6/2018;52200.03
12/6/2018;51909.4
11/6/2018;51835.44
08/6/2018;51881.93
07/6/2018;52037.69
06/6/2018;51736.77
05/6/2018;51413.93
04/6/2018;51404.55
01/6/2018;50875.01
31/5/2018;49783.92
30/5/2018;49287.33
29/5/2018;49622.54
28/5/2018;50550.69
25/5/2018;50541.99
24/5/2018;50345.5
23/5/2018;50599.95
22/5/2018;51598.33
21/5/2018;51310.87
18/5/2018;51292.18
17/5/2018;51675.02
16/5/2018;52108.1
15/5/2018;51333.23
14/5/2018;52000.48
11/5/2018;51822.78
10/5/2018;51493.07
09/5/2018;51279.36
08/5/2018;51002.58
07/5/2018;51148.85
04/5/2018;50873.59
03/5/2018;50408.15
02/5/2018;51553.86
30/4/2018;51419.22
26/4/2018;50684.22
25/4/2018;50234.85
24/4/2018;50871.02
23/4/2018;50877.98
20/4/2018;50765.88
19/4/2018;50729.19
18/4/2018;51025.8
17/4/2018;50176
16/4/2018;50121.2
13/4/2018;49882.87
12/4/2018;49808.95
11/4/2018;49472.9
10/4/2018;50036.07
09/4/2018;49391.36
06/4/2018;49140.59
05/4/2018;49097.22
04/4/2018;48051.9
03/4/2018;48179.94
29/3/2018;48794.5
28/3/2018;48139.78
27/3/2018;49417.76
26/3/2018;49566.23
23/3/2018;49755.2
22/3/2018;50517.26
20/3/2018;51615.22
19/3/2018;51434.84
16/3/2018;51421.64
15/3/2018;51613.14
14/3/2018;51788.83
13/3/2018;52371.5
12/3/2018;52440.89
09/3/2018;52348.57
08/3/2018;52057.14
07/3/2018;52005.09
06/3/2018;52257.99
05/3/2018;51021.75
02/3/2018;50824.62
01/3/2018;51011.02
28/2/2018;51383.45
27/2/2018;52033.51
26/2/2018;51861.36
23/2/2018;51747.15
22/2/2018;51258.52
21/2/2018;51727.37
20/2/2018;51020.46
19/2/2018;51717.42
16/2/2018;52110.8
15/2/2018;52565.45
14/2/2018;50556
13/2/2018;50405.03
12/2/2018;49544.32
09/2/2018;49287.45
08/2/2018;49934.79
07/2/2018;50182.35
06/2/2018;49855.83
05/2/2018;50496.3
02/2/2018;51908.17
01/2/2018;52453.7
31/1/2018;52614.65
30/1/2018;52700
29/1/2018;53863.76
26/1/2018;54530.63
25/1/2018;54558.02
24/1/2018;54575.94
23/1/2018;54521.81
22/1/2018;54165.85
19/1/2018;54058.74
18/1/2018;54010.49
17/1/2018;54068.84
16/1/2018;53777.68
15/1/2018;53431.53
12/1/2018;53296.1
11/1/2018;52824.8
10/1/2018;53167.96
09/1/2018;53184.36
08/1/2018;53131.7
05/1/2018;52842.68
04/1/2018;52662.63
03/1/2018;52832.07
02/1/2018;52823.99
29/12/2017;52533.04
28/12/2017;52071.17
27/12/2017;51986.69
22/12/2017;52063.77
21/12/2017;52082.44
20/12/2017;51268.87
19/12/2017;51266.37
18/12/2017;51026.84
15/12/2017;50953.23
14/12/2017;51498.36
13/12/2017;51151.27
12/12/2017;51312.31
11/12/2017;51711.22
08/12/2017;51671.17
07/12/2017;51656.57
06/12/2017;51572.45
05/12/2017;52412.51
04/12/2017;53076.58
01/12/2017;52888.36
30/11/2017;53269.83
29/11/2017;53957.06
28/11/2017;53645.44
27/11/2017;53810.97
24/11/2017;53998.14
23/11/2017;53995.77
22/11/2017;54494.44
21/11/2017;55065.37
20/11/2017;54327.42
17/11/2017;53909.14
16/11/2017;53378.66
15/11/2017;53004.17
14/11/2017;53273.74
13/11/2017;53531.21
10/11/2017;53424.93
09/11/2017;53513.82
08/11/2017;53730.6
07/11/2017;53832.95
06/11/2017;53563.68
03/11/2017;53198.96
02/11/2017;52845.63
01/11/2017;53056.59
31/10/2017;52570.2
30/10/2017;52479.18
27/10/2017;52403.45
26/10/2017;52273.52
25/10/2017;51857.61
24/10/2017;51597.49
23/10/2017;51669.89
20/10/2017;51600.66
19/10/2017;51525.52
18/10/2017;51747.21
17/10/2017;51510.16
16/10/2017;51713.37
13/10/2017;51450.39
12/10/2017;51352.82
11/10/2017;51438.55
10/10/2017;51362.73
09/10/2017;51323.23
06/10/2017;51010.38
05/10/2017;50786.4
04/10/2017;50542.41
03/10/2017;50139.93
02/10/2017;49609.58
29/9/2017;49376.46
28/9/2017;48842.89
27/9/2017;49018.25
26/9/2017;48819.35
22/9/2017;49564.68
21/9/2017;49548.85
20/9/2017;49575.88
19/9/2017;49751.7
18/9/2017;49736.54
15/9/2017;49274.6
14/9/2017;49514.83
13/9/2017;49783.59
12/9/2017;49970.85
11/9/2017;49627.54
08/9/2017;49274.03
07/9/2017;49430.81
06/9/2017;49023.66
05/9/2017;49642.75
04/9/2017;49796.71
01/9/2017;49996.4
31/8/2017;49997.27
30/8/2017;49674.92
29/8/2017;49883.28
28/8/2017;50058.29
25/8/2017;50175.33
24/8/2017;50101.48
23/8/2017;49734.51
22/8/2017;49588.44
21/8/2017;49029
18/8/2017;48929.87
17/8/2017;49065.81
16/8/2017;49211.76
15/8/2017;48655.12
14/8/2017;49108.55
11/8/2017;48766.71
10/8/2017;49303.27
08/8/2017;49572.69
07/8/2017;49763.82
04/8/2017;49506.15
03/8/2017;49243.79
02/8/2017;48811.07
01/8/2017;49038.68
31/7/2017;48873.13
28/7/2017;48551.29
27/7/2017;48569.42
26/7/2017;48563.79
25/7/2017;48223.29
24/7/2017;48058.35
21/7/2017;47801.91
20/7/2017;47909.93
19/7/2017;47748.68
18/7/2017;46927.84
17/7/2017;47499.6
14/7/2017;47309.26
13/7/2017;47056.02
12/7/2017;46674.35
11/7/2017;46192.63
10/7/2017;45976.56
07/7/2017;45670.49
06/7/2017;46000.77
05/7/2017;46241.44
04/7/2017;45819.88
03/7/2017;45994.44
30/6/2017;45421.76
29/6/2017;45211.74
28/6/2017;45504.55
27/6/2017;45288.38
26/6/2017;45113.21
23/6/2017;45358.66
22/6/2017;44944.65
21/6/2017;45213.45
20/6/2017;44970.49
19/6/2017;45381.2
15/6/2017;44512.15
14/6/2017;45084.86
13/6/2017;45264.87
12/6/2017;45168.67
09/6/2017;45874.22
08/6/2017;45733.78
07/6/2017;45809.08
06/6/2017;45889.51
05/6/2017;46442.07
02/6/2017;46522.53
01/6/2017;46487.5
31/5/2017;47153.91
30/5/2017;47699.35
29/5/2017;47533.5
26/5/2017;47535.43
25/5/2017;47572.16
24/5/2017;47822.12
23/5/2017;48046.16
22/5/2017;48005.19
19/5/2017;47962.6
18/5/2017;47769.43
17/5/2017;47504.07
16/5/2017;47426.96
15/5/2017;47436.82
12/5/2017;47430.43
11/5/2017;47488.45
10/5/2017;47635.58
09/5/2017;47561.08
08/5/2017;47076.82
05/5/2017;47009.79
04/5/2017;46747.06
03/5/2017;46917.89
02/5/2017;47138.85
28/4/2017;47071.73
26/4/2017;46984.45
25/4/2017;46524.76
24/4/2017;46187.93
21/4/2017;45500.98
20/4/2017;45735.57
19/4/2017;45771.96
18/4/2017;45873.22
13/4/2017;46644.49
12/4/2017;46747.19
11/4/2017;46757.54
10/4/2017;46422.49
07/4/2017;46085.03
06/4/2017;46170.1
05/4/2017;46149.85
04/4/2017;45746.93
03/4/2017;45561.09
31/3/2017;45167.15
30/3/2017;45220.39
29/3/2017;45404.69
28/3/2017;45215.36
27/3/2017;44660.9
24/3/2017;44662.6
23/3/2017;44845.23
22/3/2017;44855.72
20/3/2017;45507.67
17/3/2017;45309.36
16/3/2017;45523.12
15/3/2017;44655.55
14/3/2017;44652.55
13/3/2017;44846.34
10/3/2017;44304.31
09/3/2017;43953.15
08/3/2017;44326.35
07/3/2017;44340.33
06/3/2017;44425.26
03/3/2017;44636.3
02/3/2017;44836.9
01/3/2017;44676.91
28/2/2017;44131.37
27/2/2017;44462.75
24/2/2017;44580.51
23/2/2017;45105.98
22/2/2017;45073.61
21/2/2017;45555.98
20/2/2017;45506.2
17/2/2017;45074.63
16/2/2017;45485.46
15/2/2017;45410.71
14/2/2017;45437.28
13/2/2017;45941.81
10/2/2017;45756.81
09/2/2017;45013.25
08/2/2017;44922.93
07/2/2017;45366.88
06/2/2017;45353.95
03/2/2017;45417.57
02/2/2017;45861.98
01/2/2017;46212.83
31/1/2017;45928.7
30/1/2017;45851.78
27/1/2017;46146.76
26/1/2017;46497.5
25/1/2017;46365.74
24/1/2017;46461.91
23/1/2017;46237.18
20/1/2017;45780.79
19/1/2017;46102.45
18/1/2017;46113.55
17/1/2017;46045.01
16/1/2017;46333.08
13/1/2017;46067.2
12/1/2017;45720.2
11/1/2017;45745.62
10/1/2017;45019.8
09/1/2017;44306.47
06/1/2017;44456.49
05/1/2017;43681.89
04/1/2017;43963.22
03/1/2017;44261.26
30/12/2016;43901.99
29/12/2016;43977.34
28/12/2016;43682.37
23/12/2016;42860.5
22/12/2016;43284.11
21/12/2016;43563.99
20/12/2016;43755.03
19/12/2016;43332.17
15/12/2016;43165.26
14/12/2016;44051.7
13/12/2016;44170.66
12/12/2016;43892.51
09/12/2016;44220.24
08/12/2016;43891.07
07/12/2016;42927.17
06/12/2016;42422.36
05/12/2016;43192.44
02/12/2016;42822.16
01/12/2016;43412.41
30/11/2016;43691.42
29/11/2016;43602.72
28/11/2016;43616.91
25/11/2016;44208.66
24/11/2016;44082.2
23/11/2016;44076.88
22/11/2016;44575.06
21/11/2016;44169.8
18/11/2016;44216.56
17/11/2016;44171.47
16/11/2016;43592.38
15/11/2016;43088.09
14/11/2016;43466.18
11/11/2016;43995.65
10/11/2016;45022.99
09/11/2016;44494.27
08/11/2016;44199.79
07/11/2016;43842.82
04/11/2016;43229.65
03/11/2016;43712.31
02/11/2016;43835.34
01/11/2016;44444.48
31/10/2016;44019.39
28/10/2016;44308.17
27/10/2016;44591.05
26/10/2016;45011.09
25/10/2016;45201.6
24/10/2016;45134.28
21/10/2016;45069.02
20/10/2016;44865.96
19/10/2016;44939.76
18/10/2016;44543.12
17/10/2016;44253.15
14/10/2016;44658.61
13/10/2016;44005.78
12/10/2016;45048.57
11/10/2016;45395.72
10/10/2016;45118.12
07/10/2016;45112.11
06/10/2016;45051.08
05/10/2016;45308.48
04/10/2016;45473.03
03/10/2016;45107.14
30/9/2016;45425.59
29/9/2016;46095.38
28/9/2016;45234.26
27/9/2016;44397.13
26/9/2016;44963.91
23/9/2016;45440.23
22/9/2016;45307.58
21/9/2016;44284.63
20/9/2016;44864.62
19/9/2016;45496.21
16/9/2016;45430.38
15/9/2016;45713.44
14/9/2016;45985.07
13/9/2016;46274.97
12/9/2016;46294.07
09/9/2016;46734.92
08/9/2016;46588.71
07/9/2016;46777.09
06/9/2016;47008.42
05/9/2016;47078.69
02/9/2016;46972.62
01/9/2016;46168.9
31/8/2016;46261.02
30/8/2016;46819.15
29/8/2016;46912.46
26/8/2016;46806.74
25/8/2016;46759.58
24/8/2016;46858.57
23/8/2016;46139.33
22/8/2016;45994.96
19/8/2016;45877.01
18/8/2016;46063.63
17/8/2016;45386.78
16/8/2016;45392.84
15/8/2016;45303.88
12/8/2016;45703.18
11/8/2016;45205.64
10/8/2016;45132.06
08/8/2016;45510.65
05/8/2016;45385.74
04/8/2016;45533.22
02/8/2016;45559.57
01/8/2016;46149.8
29/7/2016;45916.48
28/7/2016;46390
27/7/2016;46874.05
26/7/2016;46788.32
25/7/2016;46544.67
22/7/2016;46285.24
21/7/2016;46272.66
20/7/2016;46200.63
19/7/2016;46214.28
18/7/2016;46431.44
15/7/2016;46454.35
14/7/2016;46273.49
13/7/2016;46288.18
12/7/2016;46056.81
11/7/2016;45683.33
08/7/2016;44920.65
07/7/2016;44802.53
06/7/2016;44501.22
05/7/2016;45330.93
04/7/2016;46027.48
01/7/2016;46015.54
30/6/2016;45974.31
29/6/2016;45732.46
28/6/2016;45107.14
27/6/2016;44142.75
24/6/2016;45570.39
23/6/2016;47453.53
22/6/2016;47475.23
21/6/2016;46912.03
20/6/2016;47015.52
17/6/2016;46136.89
15/6/2016;46050.02
14/6/2016;45396.9
13/6/2016;46431.51
10/6/2016;47028.08
09/6/2016;47176.52
08/6/2016;47716.2
07/6/2016;48053.2
06/6/2016;47822.38
03/6/2016;48083.54
02/6/2016;47677.99
01/6/2016;47510.07
31/5/2016;47974.09
30/5/2016;48447.6
27/5/2016;48069.78
26/5/2016;47835.75
25/5/2016;47727.26
24/5/2016;47033.77
23/5/2016;46537.93
20/5/2016;46531.45
19/5/2016;46312.8
18/5/2016;46636.41
17/5/2016;46393.38
16/5/2016;46258.34
13/5/2016;45403.15
12/5/2016;45190.3
11/5/2016;45839.69
10/5/2016;45707.25
09/5/2016;45136.68
06/5/2016;45101.87
05/5/2016;45623.48
04/5/2016;45559.49
03/5/2016;45548.97
29/4/2016;46471
28/4/2016;46793.34
26/4/2016;46695.33
25/4/2016;46582.73
22/4/2016;46505.48
21/4/2016;46845.77
20/4/2016;47271.51
19/4/2016;47025.18
18/4/2016;46879.92
15/4/2016;46763.08
14/4/2016;46551.55
13/4/2016;46617.72
12/4/2016;45751.08
11/4/2016;45206.33
08/4/2016;45252.36
07/4/2016;45024.17
06/4/2016;45084.42
05/4/2016;45112.97
04/4/2016;45772.49
01/4/2016;45485.3
31/3/2016;46139.99
30/3/2016;46422.66
29/3/2016;45819.28
24/3/2016;46349.01
23/3/2016;46613.13
22/3/2016;47319.37
18/3/2016;47812.41
17/3/2016;47169.67
16/3/2016;46825.9
15/3/2016;46393.77
14/3/2016;46555.55
11/3/2016;45761.25
10/3/2016;45548.16
09/3/2016;45617.97
08/3/2016;46229.48
07/3/2016;46601.06
04/3/2016;46224.71
03/3/2016;45946.02
02/3/2016;45266.3
01/3/2016;44620.53
29/2/2016;43802.56
26/2/2016;43857.79
25/2/2016;42742.91
24/2/2016;42452.61
23/2/2016;42949.32
22/2/2016;43694.03
19/2/2016;43474.46
18/2/2016;44461.24
17/2/2016;44591.74
16/2/2016;43951.37
15/2/2016;44379.1
12/2/2016;43119.66
11/2/2016;42054.18
10/2/2016;43007.47
09/2/2016;42975.42
08/2/2016;43998.31
05/2/2016;44453.51
04/2/2016;44292.35
03/2/2016;43447.44
02/2/2016;42972.08
01/2/2016;43881.35
29/1/2016;44065.55
28/1/2016;43746.33
27/1/2016;42938.94
26/1/2016;42625.8
25/1/2016;42413.33
22/1/2016;42952.57
21/1/2016;41543.66
20/1/2016;41610.78
19/1/2016;42872.39
18/1/2016;42093.4
15/1/2016;42105
14/1/2016;42741.46
13/1/2016;43422.42
12/1/2016;43489.37
11/1/2016;43482.54
08/1/2016;43253.3
07/1/2016;43186.36
06/1/2016;44150.46
05/1/2016;44673.09
04/1/2016;44459.75
31/12/2015;45797.3
30/12/2015;45900.83
29/12/2015;45996.54
28/12/2015;46243.42
24/12/2015;46355.04
23/12/2015;45865.58
22/12/2015;44900.59
21/12/2015;44368.53
18/12/2015;43978.57
17/12/2015;44927.07
15/12/2015;43701.61
14/12/2015;43415.47
11/12/2015;43558.35
10/12/2015;44250.7
09/12/2015;44545.49
08/12/2015;44151.26
07/12/2015;44898.68
04/12/2015;44347.44
03/12/2015;45371.37
02/12/2015;46024.24
01/12/2015;46295.25
30/11/2015;46329.56
27/11/2015;46327.67
26/11/2015;46877.4
25/11/2015;46672.23
24/11/2015;46569.63
23/11/2015;46920.95
20/11/2015;46963.11
19/11/2015;46851.6
18/11/2015;46464.28
17/11/2015;46751.1
16/11/2015;46330.67
13/11/2015;45979.37
12/11/2015;46787.5
11/11/2015;47265.83
10/11/2015;47201.94
09/11/2015;47964.96
06/11/2015;47540.77
05/11/2015;48553.57
04/11/2015;49081.01
03/11/2015;48548.21
02/11/2015;48349.52
30/10/2015;48317.45
29/10/2015;47941.01
28/10/2015;48189.15
27/10/2015;48231.26
26/10/2015;48569.26
23/10/2015;48799.45
22/10/2015;47814.72
21/10/2015;47594.59
20/10/2015;47410.34
19/10/2015;47720.17
16/10/2015;47459.95
15/10/2015;47462.98
14/10/2015;47612.14
13/10/2015;47643.86
12/10/2015;47241.76
09/10/2015;47809.88
08/10/2015;47293.81
07/10/2015;47162.94
06/10/2015;46624.38
05/10/2015;46693.26
02/10/2015;45668.35
01/10/2015;45252.77
30/9/2015;44881.18
29/9/2015;44159.46
28/9/2015;44242.32
25/9/2015;44963.24
23/9/2015;45062.05
22/9/2015;44523.72
21/9/2015;45379.92
18/9/2015;45616.07
17/9/2015;46137.53
16/9/2015;45588.01
15/9/2015;43985.37
14/9/2015;43813.06
11/9/2015;43450.42
10/9/2015;44025.81
09/9/2015;44249.39
08/9/2015;44107.18
07/9/2015;43389.01
04/9/2015;43547.16
03/9/2015;44838.96
02/9/2015;43699.53
01/9/2015;42979.77
31/8/2015;44350.11
28/8/2015;44383.74
27/8/2015;43624.98
26/8/2015;42854.06
25/8/2015;43439.05
24/8/2015;42149.24
21/8/2015;43404.56
20/8/2015;44149.39
19/8/2015;44686.47
18/8/2015;45467.35
17/8/2015;45287.52
14/8/2015;45341.19
13/8/2015;45877.71
12/8/2015;44980.35
11/8/2015;46622.58
07/8/2015;46431.99
06/8/2015;46930.67
05/8/2015;47259.06
04/8/2015;46917.54
03/8/2015;46120.82
31/7/2015;46557.26
30/7/2015;46302.48
29/7/2015;46108.87
28/7/2015;45290.17
27/7/2015;45768.94
24/7/2015;45858.45
23/7/2015;46649.23
22/7/2015;46370.97
21/7/2015;47256.32
20/7/2015;47388.67
17/7/2015;47052.58
16/7/2015;47228.09
15/7/2015;46942.19
14/7/2015;46571.3
13/7/2015;46907.9
10/7/2015;46216.22
09/7/2015;45872.43
08/7/2015;44678.82
07/7/2015;44377
06/7/2015;45732.42
03/7/2015;46355.6
02/7/2015;46627.77
01/7/2015;46313.36
30/6/2015;46141.59
29/6/2015;46395.06
26/6/2015;47054.51
25/6/2015;47259.66
24/6/2015;47231.9
23/6/2015;47002.3
22/6/2015;46593
19/6/2015;46170.57
18/6/2015;46213.88
17/6/2015;45914.43
15/6/2015;45608.63
12/6/2015;46129.91
11/6/2015;46149.59
10/6/2015;46252.64
09/6/2015;45395.91
08/6/2015;45942.67
05/6/2015;45993.24
04/6/2015;45585.39
03/6/2015;46083.96
02/6/2015;46377.77
01/6/2015;46180.49
29/5/2015;46285.65
28/5/2015;46815.09
27/5/2015;46885.86
26/5/2015;46916.48
25/5/2015;47844.77
22/5/2015;47885.27
21/5/2015;47915.05
20/5/2015;47994.24
19/5/2015;48143.09
18/5/2015;48262
15/5/2015;47935.39
14/5/2015;47821.65
13/5/2015;47993.01
12/5/2015;47868.91
11/5/2015;48098.25
08/5/2015;47716.53
07/5/2015;47198.02
06/5/2015;47707.62
05/5/2015;48312.41
04/5/2015;48443.21
30/4/2015;48195.48
29/4/2015;48296.08
28/4/2015;48758.27
24/4/2015;48965.36
23/4/2015;48411.02
22/4/2015;47997.8
21/4/2015;47827.43
20/4/2015;47572.87
17/4/2015;47491.87
16/4/2015;48003.52
15/4/2015;47452.93
14/4/2015;47039.79
13/4/2015;47307.74
10/4/2015;47134.4
09/4/2015;46779.77
08/4/2015;46630.69
07/4/2015;46418.9
02/4/2015;46048.96
01/4/2015;46128.41
31/3/2015;46016.98
30/3/2015;46293.05
27/3/2015;45678.97
26/3/2015;45467.39
25/3/2015;46182.11
24/3/2015;46735.06
23/3/2015;46480.63
20/3/2015;46592.78
19/3/2015;46699.35
18/3/2015;46181.04
17/3/2015;46269.27
16/3/2015;46202.57
13/3/2015;45872.93
12/3/2015;46303.16
11/3/2015;45825.87
10/3/2015;46148.91
09/3/2015;46644.35
06/3/2015;47236.4
05/3/2015;47105.87
04/3/2015;46744.23
03/3/2015;46976.08
02/3/2015;46773.81
27/2/2015;47161.83
26/2/2015;47161.17
25/2/2015;47029.95
24/2/2015;47178.36
23/2/2015;47163.1
20/2/2015;46880.64
19/2/2015;46716.65
18/2/2015;46465.08
17/2/2015;46714.3
16/2/2015;46822.44
13/2/2015;46739.97
12/2/2015;46289.79
11/2/2015;45891.46
10/2/2015;45916.4
09/2/2015;45875.33
06/2/2015;45744.27
05/2/2015;45450.89
04/2/2015;45412.12
03/2/2015;45708.71
02/2/2015;45188.36
30/1/2015;45111.03
29/1/2015;44768.68
28/1/2015;45002.4
27/1/2015;44531.76
26/1/2015;44197.55
23/1/2015;43647.44
22/1/2015;43725.2
21/1/2015;43480.8
20/1/2015;43074.85
19/1/2015;42989.54
16/1/2015;42455.42
15/1/2015;42533.81
14/1/2015;42038.08
13/1/2015;43428.83
12/1/2015;42478.59
09/1/2015;42994.58
08/1/2015;43670.79
07/1/2015;43086.35
06/1/2015;42747.37
05/1/2015;41990.24
02/1/2015;43696.74
31/12/2014;43969.96
30/12/2014;43949.89
29/12/2014;44477.47
24/12/2014;43746.86
23/12/2014;43820.45
22/12/2014;43583.2
19/12/2014;43655.86
18/12/2014;43609.9
17/12/2014;41616.58
15/12/2014;41755.14
12/12/2014;42400
11/12/2014;42438.05
10/12/2014;43062.01
09/12/2014;42911.27
08/12/2014;43972.33
05/12/2014;43876.25
04/12/2014;43767.55
03/12/2014;44230.75
02/12/2014;43973.78
01/12/2014;43236.37
28/11/2014;44205.76
27/11/2014;44910.17
26/11/2014;44751.51
25/11/2014;44909.52
24/11/2014;45082.77
21/11/2014;45250.63
20/11/2014;43676.11
19/11/2014;44523.09
18/11/2014;44802.6
17/11/2014;45031.48
14/11/2014;45134.15
13/11/2014;45120.73
12/11/2014;44935.48
11/11/2014;44980.97
10/11/2014;45161.14
07/11/2014;44814.63
06/11/2014;44306.55
05/11/2014;44395.88
04/11/2014;44451.72
03/11/2014;44705.91
31/10/2014;44384.99
30/10/2014;43335.67
29/10/2014;43797.39
28/10/2014;43181.63
27/10/2014;42816.16
24/10/2014;42676.13
23/10/2014;42921.33
22/10/2014;43035.34
21/10/2014;43385.89
20/10/2014;42479.53
17/10/2014;42735.98
16/10/2014;41793.53
15/10/2014;41572.08
14/10/2014;42500.95
13/10/2014;42181.15
10/10/2014;41911.8
09/10/2014;42913.11
08/10/2014;42846.54
07/10/2014;43500.25
06/10/2014;43932.97
03/10/2014;43383.52
02/10/2014;42956.68
01/10/2014;43679.72
30/9/2014;44160.31
29/9/2014;44209.56
26/9/2014;44507.63
25/9/2014;44345.76
23/9/2014;44873.06
22/9/2014;45244.57
19/9/2014;46162.81
18/9/2014;46226.2
17/9/2014;45814.29
16/9/2014;45884.73
15/9/2014;46032.07
12/9/2014;45865.2
11/9/2014;45830.54
10/9/2014;45879.83
09/9/2014;46344.02
08/9/2014;46204.85
05/9/2014;46388.8
04/9/2014;46674.59
03/9/2014;46387.06
02/9/2014;46076.97
01/9/2014;45752.53
29/8/2014;45630.44
28/8/2014;45840.07
27/8/2014;46351.64
26/8/2014;46478.78
25/8/2014;46209.07
22/8/2014;45982.92
21/8/2014;46283.21
20/8/2014;46313.2
19/8/2014;46195.61
18/8/2014;46424.77
15/8/2014;46112.03
14/8/2014;45920.9
13/8/2014;46114.26
12/8/2014;46288.21
11/8/2014;46377.49
08/8/2014;45560.82
07/8/2014;45533.2
06/8/2014;45916.68
05/8/2014;46110.16
04/8/2014;45998.59
01/8/2014;45733.69
31/7/2014;46222.43
30/7/2014;46591.35
29/7/2014;47056.26
28/7/2014;46738.7
25/7/2014;46384.92
24/7/2014;46448.36
23/7/2014;46743.31
22/7/2014;46789.06
21/7/2014;46279.7
18/7/2014;46558.12
17/7/2014;46642.08
16/7/2014;46946.26
15/7/2014;46627.33
14/7/2014;46433.66
11/7/2014;46071.09
10/7/2014;45937.86
09/7/2014;46343.02
08/7/2014;46573.52
07/7/2014;46873.42
04/7/2014;47080.38
03/7/2014;46951.4
02/7/2014;46888.12
01/7/2014;46481.44
30/6/2014;45969.81
27/6/2014;45651.85
26/6/2014;45787.33
25/6/2014;45383.07
24/6/2014;45871.57
23/6/2014;46054.04
20/6/2014;46336.08
19/6/2014;46273.97
18/6/2014;45723.15
17/6/2014;45902.25
13/6/2014;45803.04
12/6/2014;45587.81
11/6/2014;45644.26
10/6/2014;45730.62
09/6/2014;45137.07
06/6/2014;44929.1
05/6/2014;44984.76
04/6/2014;44985.86
03/6/2014;44975.7
02/6/2014;44852.57
30/5/2014;44641.55
29/5/2014;44744.8
28/5/2014;44732.26
27/5/2014;44859.43
26/5/2014;45005.88
23/5/2014;44894.82
22/5/2014;44840.03
21/5/2014;44629.81
20/5/2014;44559.13
19/5/2014;44413.84
16/5/2014;44078.03
15/5/2014;44388.19
14/5/2014;44526.2
13/5/2014;44086.05
12/5/2014;44135.65
09/5/2014;43741.1
08/5/2014;43900.72
06/5/2014;43847.58
05/5/2014;43776.73
02/5/2014;44015.07
30/4/2014;43804.68
29/4/2014;43875.77
25/4/2014;43851.17
24/4/2014;43900.89
23/4/2014;43648.41
22/4/2014;43711.36
17/4/2014;43446.52
16/4/2014;43242.25
15/4/2014;42905.65
14/4/2014;43265.04
11/4/2014;43116.91
10/4/2014;43609.39
09/4/2014;43436.29
08/4/2014;43230.33
07/4/2014;43020.05
04/4/2014;43537.43
03/4/2014;43439.95
02/4/2014;43631.7
01/4/2014;43320.65
31/3/2014;42996.63
28/3/2014;43167.6
27/3/2014;42663.18
26/3/2014;42943.04
25/3/2014;42721.29
24/3/2014;42226.83
20/3/2014;41885.37
19/3/2014;42006.91
18/3/2014;42393.08
17/3/2014;42156.24
14/3/2014;41761.01
13/3/2014;42213.03
12/3/2014;42607.46
11/3/2014;43055.99
10/3/2014;42735.38
07/3/2014;43206.26
06/3/2014;43236.13
05/3/2014;42952.98
04/3/2014;43064.97
03/3/2014;42577.64
28/2/2014;42771.61
27/2/2014;42544.63
26/2/2014;42535.95
25/2/2014;42442.55
24/2/2014;42880.77
21/2/2014;42952.99
20/2/2014;42660.52
19/2/2014;42909.69
18/2/2014;42575.61
17/2/2014;42478.88
14/2/2014;42093.15
13/2/2014;41730.09
12/2/2014;41848.91
11/2/2014;41299.94
10/2/2014;41321.02
07/2/2014;40777.6
06/2/2014;40465
05/2/2014;39967.59
04/2/2014;39945.44
03/2/2014;40431.55
31/1/2014;40586.73
30/1/2014;40687.21
29/1/2014;40974.52
28/1/2014;41085.1
27/1/2014;41090.64
24/1/2014;41739.02
23/1/2014;42313.97
22/1/2014;42262.16
21/1/2014;42195.76
20/1/2014;42240.94
17/1/2014;41976.36
16/1/2014;41951.93
15/1/2014;41657.52
14/1/2014;41203.32
13/1/2014;41269.29
10/1/2014;40834.33
09/1/2014;40719.11
08/1/2014;40962.55
07/1/2014;41132.7
06/1/2014;41164.45
03/1/2014;41418.25
02/1/2014;41785.98
31/12/2013;41482.39
30/12/2013;41348.03
27/12/2013;40974.73
24/12/2013;40163.56
23/12/2013;39997.51
20/12/2013;39833.69
19/12/2013;39607.3
18/12/2013;39205.04
17/12/2013;39149.01
13/12/2013;38537.55
12/12/2013;38575.26
11/12/2013;39736.78
10/12/2013;39934.74
09/12/2013;40028.41
06/12/2013;39905.22
05/12/2013;39587.66
04/12/2013;39258.76
03/12/2013;39194.66
02/12/2013;39871.53
29/11/2013;40169.32
28/11/2013;40284.95
27/11/2013;39768.86
26/11/2013;39194.33
25/11/2013;39767.98
22/11/2013;39642.74
21/11/2013;39941.17
20/11/2013;40408.95
19/11/2013;40337.43
18/11/2013;40593.96
15/11/2013;40394.38
14/11/2013;40163.83
13/11/2013;39903.26
12/11/2013;40727.8
11/11/2013;40758.33
08/11/2013;40698.57
07/11/2013;41246.57
06/11/2013;41367.23
05/11/2013;40929.7
04/11/2013;40863.34
01/11/2013;40729.18
31/10/2013;40658.55
30/10/2013;40740.09
29/10/2013;40596.24
28/10/2013;40555.28
25/10/2013;40314.88
24/10/2013;40242.28
23/10/2013;40230.51
22/10/2013;40544.23
21/10/2013;40096.58
18/10/2013;39894.47
17/10/2013;39787.24
16/10/2013;39674.7
15/10/2013;39592.96
14/10/2013;39020.17
11/10/2013;38903.51
10/10/2013;38614.68
09/10/2013;38106.7
08/10/2013;38578.53
07/10/2013;39050.88
04/10/2013;39285.17
03/10/2013;39370.63
02/10/2013;39362.08
01/10/2013;39371.27
30/9/2013;39449.84
27/9/2013;39774.18
26/9/2013;39755.23
25/9/2013;39824.79
23/9/2013;39444.06
20/9/2013;39542.4
19/9/2013;39701.11
18/9/2013;38832.74
17/9/2013;39174.83
16/9/2013;39060.23
13/9/2013;39071.51
12/9/2013;39207.3
11/9/2013;38933.58
10/9/2013;39087.02
09/9/2013;38306.88
06/9/2013;38422.11
05/9/2013;38399.42
04/9/2013;38166.67
03/9/2013;38513.85
02/9/2013;38346.25
30/8/2013;37863.93
29/8/2013;38115.67
28/8/2013;38001.03
27/8/2013;38720.33
26/8/2013;38903.32
23/8/2013;38652.12
22/8/2013;38676.95
21/8/2013;38386.76
20/8/2013;38384.01
19/8/2013;38493.92
16/8/2013;38623.63
15/8/2013;38089.21
14/8/2013;38564.99
13/8/2013;38235.45
12/8/2013;38072.48
08/8/2013;37314.01
07/8/2013;37177.28
06/8/2013;37129.66
05/8/2013;37334.82
02/8/2013;37218.32
01/8/2013;37473.94
31/7/2013;36843.05
30/7/2013;36516.92
29/7/2013;36368.56
26/7/2013;36026.19
25/7/2013;36244.58
24/7/2013;36373.27
23/7/2013;36652.71
22/7/2013;36394.28
19/7/2013;36029.71
18/7/2013;36593.29
17/7/2013;36409.47
16/7/2013;35855.07
15/7/2013;36206.75
12/7/2013;36227.27
11/7/2013;36082.58
10/7/2013;35181.34
09/7/2013;35301.39
08/7/2013;35370.67
05/7/2013;34684.53
04/7/2013;35518.73
03/7/2013;34826.19
02/7/2013;35252.13
01/7/2013;35365.27
28/6/2013;35051.49
27/6/2013;34655.32
26/6/2013;34577.97
25/6/2013;34187.43
24/6/2013;33793.13
21/6/2013;34670.34
20/6/2013;35199.29
19/6/2013;36391.61
18/6/2013;36599.39
14/6/2013;35937.44
13/6/2013;35453.21
12/6/2013;35401.32
11/6/2013;35256.4
10/6/2013;36485.77
07/6/2013;36345.72
06/6/2013;35869.25
05/6/2013;36294.26
04/6/2013;36387.96
03/6/2013;36561.35
31/5/2013;37599.86
30/5/2013;37500.78
29/5/2013;36739.42
28/5/2013;37445.94
27/5/2013;36915.27
24/5/2013;36444.22
23/5/2013;36312.44
22/5/2013;37309.67
21/5/2013;37302.58
20/5/2013;36545.18
17/5/2013;36771.8
16/5/2013;36785.06
15/5/2013;36322.2
14/5/2013;36053.37
13/5/2013;35740.3
10/5/2013;35579.82
09/5/2013;35679.33
08/5/2013;35827.46
07/5/2013;35214.02
06/5/2013;35199.18
03/5/2013;34963.97
02/5/2013;34363.82
30/4/2013;34068
29/4/2013;34363.9
26/4/2013;34427.08
25/4/2013;34485.76
24/4/2013;34191.83
23/4/2013;34166.27
22/4/2013;33584.25
19/4/2013;33842.23
18/4/2013;33305.41
17/4/2013;33230.97
16/4/2013;33861.43
15/4/2013;33465.7
12/4/2013;33990.33
11/4/2013;34462.33
10/4/2013;34429.04
09/4/2013;33930.95
08/4/2013;33984.32
05/4/2013;33920.57
04/4/2013;34464.13
03/4/2013;34782.84
02/4/2013;35393.26
28/3/2013;35259.1
27/3/2013;35288.06
26/3/2013;35631.5
25/3/2013;35415.29
22/3/2013;35493.62
20/3/2013;35786.07
19/3/2013;35809.56
18/3/2013;35954.1
15/3/2013;36226.72
14/3/2013;36372.09
13/3/2013;36328.32
12/3/2013;36374.35
11/3/2013;36391.7
08/3/2013;36168.65
07/3/2013;36192.37
06/3/2013;35928.34
05/3/2013;36064.12
04/3/2013;35368.46
01/3/2013;35653.81
28/2/2013;35254.76
27/2/2013;34854.04
26/2/2013;35143.65
25/2/2013;35359.19
22/2/2013;35249.89
21/2/2013;35278.23
20/2/2013;36022.45
19/2/2013;36328.85
18/2/2013;36093.43
15/2/2013;36242.86
14/2/2013;36285.09
13/2/2013;36387.71
12/2/2013;36286.98
11/2/2013;36410.73
08/2/2013;36477.46
07/2/2013;36269.66
06/2/2013;36156.66
05/2/2013;36279.1
04/2/2013;36225.21
01/2/2013;36219.07
31/1/2013;36103.45
30/1/2013;36082.03
29/1/2013;36238.55
28/1/2013;36157.58
25/1/2013;36064.38
24/1/2013;36151
23/1/2013;35739.51
22/1/2013;35487.52
21/1/2013;35567.13
18/1/2013;35723.78
17/1/2013;35562.83
16/1/2013;35479.5
15/1/2013;35508.12
14/1/2013;35673.42
11/1/2013;35792.52
10/1/2013;35813.24
09/1/2013;35808.5
08/1/2013;35632.41
07/1/2013;35641.67
04/1/2013;35775.9
03/1/2013;35784.44
02/1/2013;35630.85
31/12/2012;34795.5
28/12/2012;34930.61
27/12/2012;34980.34
24/12/2012;34765.26
21/12/2012;34727.3
20/12/2012;34797.93
19/12/2012;34724.82
18/12/2012;34464.75
14/12/2012;34277.21
13/12/2012;34287.11
12/12/2012;34415.32
11/12/2012;34240.74
10/12/2012;34074.58
07/12/2012;33909.68
06/12/2012;34008.67
05/12/2012;33927.03
04/12/2012;33721.92
03/12/2012;33799.77
30/11/2012;33872.69
29/11/2012;33664.6
28/11/2012;33225.91
27/11/2012;33580.72
26/11/2012;33531.88
23/11/2012;33634.44
22/11/2012;33613.24
21/11/2012;33274.88
20/11/2012;33098.28
19/11/2012;33020.13
16/11/2012;32612.45
15/11/2012;32845.63
14/11/2012;33042.71
13/11/2012;33178.5
12/11/2012;33244.66
09/11/2012;33122.46
08/11/2012;33404.86
07/11/2012;33294.09
06/11/2012;33432.33
05/11/2012;33424.99
02/11/2012;33512.89
01/11/2012;33239.18
31/10/2012;33008.2
30/10/2012;33003.14
29/10/2012;32877.38
26/10/2012;32719.1
25/10/2012;32806.75
24/10/2012;32760.51
23/10/2012;32497.47
22/10/2012;32784.48
19/10/2012;32609.75
18/10/2012;32820.97
17/10/2012;33037.18
16/10/2012;32767.23
15/10/2012;32457.76
12/10/2012;32276.07
11/10/2012;32352.1
10/10/2012;32008.14
09/10/2012;31940.31
08/10/2012;32183.45
05/10/2012;32361.91
04/10/2012;32005.3
03/10/2012;31868.43
02/10/2012;32020.55
01/10/2012;32085.81
28/9/2012;31518.32
27/9/2012;31393.1
26/9/2012;31163.6
25/9/2012;31776.31
21/9/2012;31934.87
20/9/2012;32081.36
19/9/2012;32193.46
18/9/2012;32166.6
17/9/2012;32122.03
14/9/2012;32328.83
13/9/2012;31650.08
12/9/2012;31533.63
11/9/2012;31264.38
10/9/2012;31343.21
07/9/2012;31530.8
06/9/2012;31421.82
05/9/2012;30797.76
04/9/2012;30884.69
03/9/2012;31227.59
31/8/2012;31172.74
30/8/2012;31088.76
29/8/2012;31492.04
28/8/2012;31521.84
27/8/2012;31650.49
24/8/2012;31567.19
23/8/2012;31607.12
22/8/2012;31414.06
21/8/2012;31630.26
20/8/2012;31299.77
17/8/2012;31376.13
16/8/2012;31535.97
15/8/2012;31332.42
14/8/2012;31340.64
13/8/2012;31194.25
10/8/2012;31330.12
08/8/2012;31251.68
07/8/2012;31224.75
06/8/2012;31192.18
03/8/2012;30981.21
02/8/2012;30817.28
01/8/2012;30859.99
31/7/2012;30386.61
30/7/2012;30775.22
27/7/2012;30508.18
26/7/2012;30159.33
25/7/2012;29911.58
24/7/2012;29868.42
23/7/2012;29682.27
20/7/2012;30074.29
19/7/2012;30165.94
18/7/2012;29925.6
17/7/2012;29558.23
16/7/2012;29585.39
13/7/2012;29663.61
12/7/2012;29251.12
11/7/2012;29570.89
10/7/2012;29848.29
09/7/2012;29784.71
06/7/2012;30056.92
05/7/2012;30057.03
04/7/2012;29906.78
03/7/2012;29864.41
02/7/2012;29561.58
29/6/2012;29638.01
28/6/2012;29204.66
27/6/2012;29683.36
26/6/2012;29793.54
25/6/2012;29770.45
22/6/2012;30025.43
21/6/2012;30517.83
20/6/2012;30764.32
19/6/2012;30707.43
18/6/2012;30453.02
15/6/2012;29977.28
14/6/2012;29845.01
13/6/2012;30050.04
12/6/2012;29882.54
11/6/2012;29656.99
08/6/2012;29705.42
07/6/2012;29947.48
06/6/2012;29677.48
05/6/2012;29180.76
04/6/2012;29144.78
01/6/2012;29161
31/5/2012;29201.9
30/5/2012;29063.62
29/5/2012;29531.22
28/5/2012;29189.72
25/5/2012;29074.19
24/5/2012;29137.84
23/5/2012;28971.82
22/5/2012;29538.24
21/5/2012;29144.92
18/5/2012;29212.42
17/5/2012;29580.86
16/5/2012;29854.4
15/5/2012;29548.07
14/5/2012;29577.06
11/5/2012;30076.45
10/5/2012;29897.34
09/5/2012;29443.83
08/5/2012;29499.49
07/5/2012;29898.17
04/5/2012;30065.47
03/5/2012;30338.56
02/5/2012;30446.28
30/4/2012;30364.59
26/4/2012;30247.51
25/4/2012;30021.05
24/4/2012;29823.88
23/4/2012;29686.12
20/4/2012;30185.77
19/4/2012;30110.72
18/4/2012;30043.23
17/4/2012;29787.6
16/4/2012;29684.54
13/4/2012;29721.32
12/4/2012;29864.84
11/4/2012;29669.84
10/4/2012;29636
05/4/2012;29754.87
04/4/2012;29425.97
03/4/2012;30214.74
02/4/2012;30013.52
30/3/2012;29603.42
29/3/2012;29566.9
28/3/2012;29715.14
27/3/2012;29957.44
26/3/2012;29796.56
23/3/2012;29716.93
22/3/2012;29697.66
20/3/2012;30026.43
19/3/2012;30395.53
16/3/2012;30398.29
15/3/2012;30334.04
14/3/2012;30521.67
13/3/2012;30302.8
12/3/2012;30067.8
09/3/2012;30100.61
08/3/2012;29970.84
07/3/2012;29822.39
06/3/2012;29612.31
05/3/2012;30236.78
02/3/2012;30406.84
01/3/2012;30526.43
29/2/2012;30546.69
28/2/2012;30484.34
27/2/2012;30160.27
24/2/2012;30560.09
23/2/2012;30402.63
22/2/2012;30288.89
21/2/2012;30438.34
20/2/2012;30393.94
17/2/2012;30373.15
16/2/2012;30099.5
15/2/2012;30395.73
14/2/2012;30442.16
13/2/2012;30530.87
10/2/2012;30210.44
09/2/2012;30599.35
08/2/2012;30560.71
07/2/2012;30297.41
06/2/2012;30498.62
03/2/2012;30718.49
02/2/2012;30728.25
01/2/2012;30518.66
31/1/2012;30176.19
30/1/2012;30044.33
27/1/2012;30324.28
26/1/2012;30508.85
25/1/2012;30073.99
24/1/2012;30176.77
23/1/2012;30365.89
20/1/2012;30116.4
19/1/2012;30007.86
18/1/2012;29969.31
17/1/2012;29843
16/1/2012;29639.19
13/1/2012;29333.57
12/1/2012;29434.13
11/1/2012;29276.38
10/1/2012;29481.51
09/1/2012;29231.92
06/1/2012;29209.6
05/1/2012;29058.39
04/1/2012;29366.92
03/1/2012;29263.24
30/12/2011;28469.81
29/12/2011;28486.53
28/12/2011;28600
23/12/2011;28641.11
22/12/2011;28413.03
21/12/2011;28169.25
20/12/2011;28330.77
19/12/2011;28261.83
15/12/2011;28556.63
14/12/2011;28252.84
13/12/2011;28710.99
12/12/2011;28772.86
09/12/2011;29169.61
08/12/2011;29283.57
07/12/2011;29308.05
06/12/2011;29283.81
05/12/2011;29407.9
02/12/2011;29187.83
01/12/2011;29361.03
30/11/2011;29429.88
29/11/2011;28260.59
28/11/2011;28472.34
25/11/2011;27770.91
24/11/2011;27848.75
23/11/2011;27608.68
22/11/2011;28002.1
21/11/2011;27732.14
18/11/2011;28431.41
17/11/2011;29057.13
16/11/2011;29308.49
15/11/2011;29305.64
14/11/2011;28968.93
11/11/2011;28888.5
10/11/2011;28855.92
09/11/2011;28651.43
08/11/2011;29320.72
07/11/2011;29178.13
04/11/2011;28553.6
03/11/2011;28852
02/11/2011;28835.32
01/11/2011;28372.84
31/10/2011;29019.06
28/10/2011;29566.8
27/10/2011;29159.47
26/10/2011;28436.37
25/10/2011;28361.74
24/10/2011;28370.97
21/10/2011;28165.61
20/10/2011;27546.58
19/10/2011;27901.1
18/10/2011;27762.88
17/10/2011;27798.31
14/10/2011;27839.76
13/10/2011;27540.79
12/10/2011;27861.58
11/10/2011;27546.18
10/10/2011;27654.48
07/10/2011;27001.46
06/10/2011;26674.15
05/10/2011;26233.8
04/10/2011;25919.58
03/10/2011;26611.95
30/9/2011;26375.82
29/9/2011;26405.63
28/9/2011;27053.23
27/9/2011;27493.63
26/9/2011;26461.37
23/9/2011;26834.39
22/9/2011;27050.66
21/9/2011;27996.23
20/9/2011;28043.66
19/9/2011;27653.67
16/9/2011;27726.22
15/9/2011;27689.51
14/9/2011;27153.95
13/9/2011;26735.39
12/9/2011;26536.28
09/9/2011;27114.18
08/9/2011;27607.75
07/9/2011;27202.81
06/9/2011;26184.5
05/9/2011;26554.09
02/9/2011;27179.73
01/9/2011;27753.42
31/8/2011;27682.28
30/8/2011;27097.75
29/8/2011;27049.24
26/8/2011;26200.73
25/8/2011;26122.52
24/8/2011;26381.14
23/8/2011;26026.72
22/8/2011;26188.71
19/8/2011;26145.28
18/8/2011;26030.31
17/8/2011;26938.76
16/8/2011;26743.29
15/8/2011;26947.78
12/8/2011;26626.27
11/8/2011;26297.69
10/8/2011;25453.22
08/8/2011;25180.59
05/8/2011;25993.94
04/8/2011;26278.37
03/8/2011;27189.81
02/8/2011;27523.75
01/8/2011;27905.27
29/7/2011;27857.91
28/7/2011;28099.81
27/7/2011;28247.49
26/7/2011;28519.46
25/7/2011;28720.98
22/7/2011;28664.52
21/7/2011;28767.58
20/7/2011;28708.96
19/7/2011;28707.36
18/7/2011;28530.22
15/7/2011;28915.93
14/7/2011;28847.47
13/7/2011;28954.57
12/7/2011;28575.72
11/7/2011;28478.46
08/7/2011;28623.01
07/7/2011;28928.73
06/7/2011;28775.1
05/7/2011;28899.23
04/7/2011;28736.97
01/7/2011;28578.56
30/6/2011;28551.82
29/6/2011;28428.72
28/6/2011;28002.02
27/6/2011;27624.57
24/6/2011;27391.89
23/6/2011;27026.92
22/6/2011;27475.4
21/6/2011;27653.44
20/6/2011;27321.43
17/6/2011;27324.34
15/6/2011;27684.38
14/6/2011;27897.92
13/6/2011;27840.38
10/6/2011;27809.9
09/6/2011;28307.1
08/6/2011;28186.66
07/6/2011;28494.9
06/6/2011;28277.1
03/6/2011;28258.28
02/6/2011;28572.67
01/6/2011;29033.83
31/5/2011;29274.06
30/5/2011;29127.06
27/5/2011;29141.21
26/5/2011;28743.53
25/5/2011;28563.32
24/5/2011;28484.19
23/5/2011;28123.95
20/5/2011;28552.45
19/5/2011;28663.76
17/5/2011;28601.68
16/5/2011;28929.66
13/5/2011;28722.89
12/5/2011;28441.33
11/5/2011;28810.24
10/5/2011;28845.18
09/5/2011;28369.46
06/5/2011;28626.86
05/5/2011;28324.46
04/5/2011;28576.27
03/5/2011;29049.59
29/4/2011;29564.28
28/4/2011;29402.14
26/4/2011;29456.82
21/4/2011;29457.17
20/4/2011;29337.05
19/4/2011;28631.37
18/4/2011;28163.42
15/4/2011;29003.69
14/4/2011;29207.48
13/4/2011;29140.53
12/4/2011;29025.16
11/4/2011;29594.79
08/4/2011;29561.08
07/4/2011;29389.94
06/4/2011;29654.56
05/4/2011;29421.9
04/4/2011;29235.24
01/4/2011;29175.56
31/3/2011;29037.48
30/3/2011;29137.51
29/3/2011;28610.18
28/3/2011;28264.76
25/3/2011;28492.55
24/3/2011;28566.98
23/3/2011;28126.26
22/3/2011;27790.8
18/3/2011;27612.91
17/3/2011;27660.83
16/3/2011;27534.99
15/3/2011;27128.85
14/3/2011;27784.85
11/3/2011;28070.66
10/3/2011;27762.48
09/3/2011;28677.65
08/3/2011;28701.4
07/3/2011;29168.45
04/3/2011;29178.12
03/3/2011;29211.84
02/3/2011;28826.44
01/3/2011;28871.79
28/2/2011;29077.83
25/2/2011;28803.79
24/2/2011;28571.23
23/2/2011;28743.44
22/2/2011;29228.79
21/2/2011;29569.03
18/2/2011;29292.85
17/2/2011;29498.06
16/2/2011;29578.17
15/2/2011;29877.59
14/2/2011;29922.75
11/2/2011;29813.43
10/2/2011;29247.51
09/2/2011;29507.02
08/2/2011;29616.21
07/2/2011;29621.7
04/2/2011;29718.96
03/2/2011;29609.47
02/2/2011;29274.22
01/2/2011;28625.33
31/1/2011;28145.34
28/1/2011;28232.1
27/1/2011;28812.39
26/1/2011;28647.4
25/1/2011;28334.12
24/1/2011;28545.01
21/1/2011;28808.74
20/1/2011;28514.94
19/1/2011;29013.19
18/1/2011;29192.55
17/1/2011;28893.16
14/1/2011;29226.96
13/1/2011;29199.02
12/1/2011;29038.72
11/1/2011;28700.04
10/1/2011;28220.69
07/1/2011;28415.54
06/1/2011;28608.82
05/1/2011;28502.97
04/1/2011;28933.58
03/1/2011;28830.78
31/12/2010;28639.4
30/12/2010;28753.85
29/12/2010;28665.71
28/12/2010;28558.3
24/12/2010;28582.68
23/12/2010;28675.08
22/12/2010;28609.91
21/12/2010;28642.11
20/12/2010;28316.93
17/12/2010;28215.48
15/12/2010;28280.73
14/12/2010;28227.83
13/12/2010;28128.29
10/12/2010;28050.46
09/12/2010;28173.79
08/12/2010;28338.17
07/12/2010;28317.92
06/12/2010;28191.09
03/12/2010;27933.41
02/12/2010;27693.41
01/12/2010;27354.92
30/11/2010;26844.52
29/11/2010;27279.1
26/11/2010;27730.43
25/11/2010;27834.55
24/11/2010;27665.75
23/11/2010;27453.42
22/11/2010;27941.48
19/11/2010;27930.33
18/11/2010;28114.84
17/11/2010;27902.68
16/11/2010;27972.35
15/11/2010;28369.13
12/11/2010;28253.76
11/11/2010;28107.5
10/11/2010;28050.65
09/11/2010;28227.93
08/11/2010;27958.87
05/11/2010;28048.91
04/11/2010;27892.84
03/11/2010;27378.81
02/11/2010;27198.21
01/11/2010;27241.02
29/10/2010;27053.68
28/10/2010;26831.43
27/10/2010;26599.03
26/10/2010;26780.32
25/10/2010;26912.58
22/10/2010;26763.73
21/10/2010;27083.28
20/10/2010;26735.26
19/10/2010;26662.37
18/10/2010;26864.85
15/10/2010;26772.72
14/10/2010;26962.01
13/10/2010;26990.02
12/10/2010;26517.35
11/10/2010;26491.8
08/10/2010;26393.16
07/10/2010;26265.37
06/10/2010;26437
05/10/2010;26300.74
04/10/2010;26023.49
01/10/2010;25982.05
30/9/2010;26154.31
29/9/2010;25808.91
28/9/2010;25756.12
27/9/2010;25740.17
23/9/2010;25521.12
22/9/2010;25543.76
21/9/2010;25534.47
20/9/2010;25549.75
17/9/2010;25258.33
16/9/2010;25323.57
15/9/2010;25356.77
14/9/2010;25359.43
13/9/2010;25355.17
10/9/2010;24966.81
09/9/2010;24873.98
08/9/2010;24827.88
07/9/2010;24550.18
06/9/2010;24864.12
03/9/2010;24825.46
02/9/2010;24718.08
01/9/2010;24860.28
31/8/2010;24127.05
30/8/2010;24051.89
27/8/2010;23644.46
26/8/2010;23801.53
25/8/2010;23410.06
24/8/2010;24008.42
23/8/2010;24298.57
20/8/2010;23921.25
19/8/2010;24063.35
18/8/2010;24205.87
17/8/2010;24585.51
16/8/2010;24489.89
13/8/2010;24424.34
12/8/2010;24376.1
11/8/2010;24369.37
10/8/2010;24818.47
06/8/2010;25172.71
05/8/2010;25427.89
04/8/2010;25447.47
03/8/2010;25513.06
02/8/2010;25751.57
30/7/2010;25224.6
29/7/2010;25409.97
28/7/2010;25235.8
27/7/2010;25345.53
26/7/2010;25381.47
23/7/2010;25333.32
22/7/2010;25191.91
21/7/2010;24768.14
20/7/2010;24288.28
19/7/2010;24264.8
16/7/2010;24465.49
15/7/2010;24408.3
14/7/2010;24424.08
13/7/2010;24492.08
12/7/2010;24193.39
09/7/2010;24284.88
08/7/2010;24070.74
07/7/2010;23886.39
06/7/2010;23756.24
05/7/2010;23223.87
02/7/2010;23355.16
01/7/2010;23066.67
30/6/2010;23294.83
29/6/2010;23727.08
28/6/2010;24308.52
25/6/2010;24263.82
24/6/2010;24414.55
23/6/2010;24630.17
22/6/2010;24934.83
21/6/2010;25032.06
18/6/2010;24754.9
17/6/2010;24812.68
15/6/2010;24715.03
14/6/2010;24499.27
11/6/2010;23888.31
10/6/2010;24190.67
04/1/2010;25250.23
